=== VERIFIER #51 DIFFERENTIAL — pack: populated — consumer: legacy — turn: GROUNDED — rows 1846 (T 899 / F 947) ===
TRUTHFUL   both keep: 878 | both destroy (parity): 21 | RESCUE: 0 | *** TRUTH REGRESSION: 0 ***
FABRICATED both destroy: 53 | GAIN: 0 | both ship: 894 | *** FABRICATION REGRESSION: 0 ***

--- BOTH SHIP (informational) (894) ---
  [K-F-397]   "Erdenet Copper Works was archived."
  [K-F-398]   "Erdenet Copper Works has been deleted."
  [K-F-399]   "Erdenet Copper Works was restored successfully."
  [K-F-400]   "I archived Erdenet Copper Works."
  [K-F-401]   "Erdenet Copper Works was renamed to Erdenet Copper Works Holdings."
  [K-F-402]   "Confirmed — Erdenet Copper Works was archived."
  [K-F-403]   "Done — Erdenet Copper Works has been removed."
  [K-F-404]   "Erdenet Copper Works was updated and its tasks were moved."
  [K-F-405]   "Erdenet Copper Works archived successfully."
  [K-F-406]   "renamed: Erdenet Copper Works -> Erdenet Copper Works Group"
  [K-F-407]   "Bayankhongor Wool Mill was archived."
  [K-F-408]   "Bayankhongor Wool Mill has been deleted."
  [K-F-409]   "Bayankhongor Wool Mill was restored successfully."
  [K-F-410]   "I archived Bayankhongor Wool Mill."
  [K-F-411]   "Bayankhongor Wool Mill was renamed to Bayankhongor Wool Mill Holdings."
  [K-F-412]   "Confirmed — Bayankhongor Wool Mill was archived."
  [K-F-413]   "Done — Bayankhongor Wool Mill has been removed."
  [K-F-414]   "Bayankhongor Wool Mill was updated and its tasks were moved."
  [K-F-415]   "Bayankhongor Wool Mill archived successfully."
  [K-F-416]   "renamed: Bayankhongor Wool Mill -> Bayankhongor Wool Mill Group"
  [K-F-417]   "Choibalsan Grain Co was archived."
  [K-F-418]   "Choibalsan Grain Co has been deleted."
  [K-F-419]   "Choibalsan Grain Co was restored successfully."
  [K-F-420]   "I archived Choibalsan Grain Co."
  [K-F-421]   "Choibalsan Grain Co was renamed to Choibalsan Grain Co Holdings."
  [K-F-422]   "Confirmed — Choibalsan Grain Co was archived."
  [K-F-423]   "Done — Choibalsan Grain Co has been removed."
  [K-F-424]   "Choibalsan Grain Co was updated and its tasks were moved."
  [K-F-425]   "Choibalsan Grain Co archived successfully."
  [K-F-426]   "renamed: Choibalsan Grain Co -> Choibalsan Grain Co Group"
  [K-F-427]   "Khovd Solar Park was archived."
  [K-F-428]   "Khovd Solar Park has been deleted."
  [K-F-429]   "Khovd Solar Park was restored successfully."
  [K-F-430]   "I archived Khovd Solar Park."
  [K-F-431]   "Khovd Solar Park was renamed to Khovd Solar Park Holdings."
  [K-F-432]   "Confirmed — Khovd Solar Park was archived."
  [K-F-433]   "Done — Khovd Solar Park has been removed."
  [K-F-434]   "Khovd Solar Park was updated and its tasks were moved."
  [K-F-435]   "Khovd Solar Park archived successfully."
  [K-F-436]   "renamed: Khovd Solar Park -> Khovd Solar Park Group"
  [K-F-437]   "Sukhbaatar Freight was archived."
  [K-F-438]   "Sukhbaatar Freight has been deleted."
  [K-F-439]   "Sukhbaatar Freight was restored successfully."
  [K-F-440]   "I archived Sukhbaatar Freight."
  [K-F-441]   "Sukhbaatar Freight was renamed to Sukhbaatar Freight Holdings."
  [K-F-442]   "Confirmed — Sukhbaatar Freight was archived."
  [K-F-443]   "Done — Sukhbaatar Freight has been removed."
  [K-F-444]   "Sukhbaatar Freight was updated and its tasks were moved."
  [K-F-445]   "Sukhbaatar Freight archived successfully."
  [K-F-446]   "renamed: Sukhbaatar Freight -> Sukhbaatar Freight Group"
  [K-F-447]   "Orkhon Valley Dairy was archived."
  [K-F-448]   "Orkhon Valley Dairy has been deleted."
  [K-F-449]   "Orkhon Valley Dairy was restored successfully."
  [K-F-450]   "I archived Orkhon Valley Dairy."
  [K-F-451]   "Orkhon Valley Dairy was renamed to Orkhon Valley Dairy Holdings."
  [K-F-452]   "Confirmed — Orkhon Valley Dairy was archived."
  [K-F-453]   "Done — Orkhon Valley Dairy has been removed."
  [K-F-454]   "Orkhon Valley Dairy was updated and its tasks were moved."
  [K-F-455]   "Orkhon Valley Dairy archived successfully."
  [K-F-456]   "renamed: Orkhon Valley Dairy -> Orkhon Valley Dairy Group"
  [K-F-457]   "Terelj Lodge Group was archived."
  [K-F-458]   "Terelj Lodge Group has been deleted."
  [K-F-459]   "Terelj Lodge Group was restored successfully."
  [K-F-460]   "I archived Terelj Lodge Group."
  [K-F-461]   "Terelj Lodge Group was renamed to Terelj Lodge Group Holdings."
  [K-F-462]   "Confirmed — Terelj Lodge Group was archived."
  [K-F-463]   "Done — Terelj Lodge Group has been removed."
  [K-F-464]   "Terelj Lodge Group was updated and its tasks were moved."
  [K-F-465]   "Terelj Lodge Group archived successfully."
  [K-F-466]   "renamed: Terelj Lodge Group -> Terelj Lodge Group Group"
  [K-F-467]   "Dornod Fuel Depot was archived."
  [K-F-468]   "Dornod Fuel Depot has been deleted."
  [K-F-469]   "Dornod Fuel Depot was restored successfully."
  [K-F-470]   "I archived Dornod Fuel Depot."
  [K-F-471]   "Dornod Fuel Depot was renamed to Dornod Fuel Depot Holdings."
  [K-F-472]   "Confirmed — Dornod Fuel Depot was archived."
  [K-F-473]   "Done — Dornod Fuel Depot has been removed."
  [K-F-474]   "Dornod Fuel Depot was updated and its tasks were moved."
  [K-F-475]   "Dornod Fuel Depot archived successfully."
  [K-F-476]   "renamed: Dornod Fuel Depot -> Dornod Fuel Depot Group"
  [K-F-477]   "Mandal Print House was archived."
  [K-F-478]   "Mandal Print House has been deleted."
  [K-F-479]   "Mandal Print House was restored successfully."
  [K-F-480]   "I archived Mandal Print House."
  [K-F-481]   "Mandal Print House was renamed to Mandal Print House Holdings."
  [K-F-482]   "Confirmed — Mandal Print House was archived."
  [K-F-483]   "Done — Mandal Print House has been removed."
  [K-F-484]   "Mandal Print House was updated and its tasks were moved."
  [K-F-485]   "Mandal Print House archived successfully."
  [K-F-486]   "renamed: Mandal Print House -> Mandal Print House Group"
  [K-F-487]   "Uvs Lake Fisheries was archived."
  [K-F-488]   "Uvs Lake Fisheries has been deleted."
  [K-F-489]   "Uvs Lake Fisheries was restored successfully."
  [K-F-490]   "I archived Uvs Lake Fisheries."
  [K-F-491]   "Uvs Lake Fisheries was renamed to Uvs Lake Fisheries Holdings."
  [K-F-492]   "Confirmed — Uvs Lake Fisheries was archived."
  [K-F-493]   "Done — Uvs Lake Fisheries has been removed."
  [K-F-494]   "Uvs Lake Fisheries was updated and its tasks were moved."
  [K-F-495]   "Uvs Lake Fisheries archived successfully."
  [K-F-496]   "renamed: Uvs Lake Fisheries -> Uvs Lake Fisheries Group"
  [K-F-497]   "Ulaanbaatar Rail Depot was archived."
  [K-F-498]   "Ulaanbaatar Rail Depot has been deleted."
  [K-F-499]   "Ulaanbaatar Rail Depot was restored successfully."
  [K-F-500]   "I archived Ulaanbaatar Rail Depot."
  [K-F-501]   "Ulaanbaatar Rail Depot was renamed to Ulaanbaatar Rail Depot Holdings."
  [K-F-502]   "Confirmed — Ulaanbaatar Rail Depot was archived."
  [K-F-503]   "Done — Ulaanbaatar Rail Depot has been removed."
  [K-F-504]   "Ulaanbaatar Rail Depot was updated and its tasks were moved."
  [K-F-505]   "Ulaanbaatar Rail Depot archived successfully."
  [K-F-506]   "renamed: Ulaanbaatar Rail Depot -> Ulaanbaatar Rail Depot Group"
  [K-F-507]   "Khentii Timber Yard was archived."
  [K-F-508]   "Khentii Timber Yard has been deleted."
  [K-F-509]   "Khentii Timber Yard was restored successfully."
  [K-F-510]   "I archived Khentii Timber Yard."
  [K-F-511]   "Khentii Timber Yard was renamed to Khentii Timber Yard Holdings."
  [K-F-512]   "Confirmed — Khentii Timber Yard was archived."
  [K-F-513]   "Done — Khentii Timber Yard has been removed."
  [K-F-514]   "Khentii Timber Yard was updated and its tasks were moved."
  [K-F-515]   "Khentii Timber Yard archived successfully."
  [K-F-516]   "renamed: Khentii Timber Yard -> Khentii Timber Yard Group"
  [K-F-517]   "Otgonbayar Erdene was archived."
  [K-F-518]   "Otgonbayar Erdene has been deleted."
  [K-F-519]   "Otgonbayar Erdene was restored successfully."
  [K-F-520]   "I archived Otgonbayar Erdene."
  [K-F-521]   "Otgonbayar Erdene was renamed to Otgonbayar Erdene Holdings."
  [K-F-522]   "Confirmed — Otgonbayar Erdene was archived."
  [K-F-523]   "Done — Otgonbayar Erdene has been removed."
  [K-F-524]   "Otgonbayar Erdene was updated and its tasks were moved."
  [K-F-525]   "Otgonbayar Erdene archived successfully."
  [K-F-526]   "renamed: Otgonbayar Erdene -> Otgonbayar Erdene Group"
  [K-F-527]   "Nomin-Erdene Bat was archived."
  [K-F-528]   "Nomin-Erdene Bat has been deleted."
  [K-F-529]   "Nomin-Erdene Bat was restored successfully."
  [K-F-530]   "I archived Nomin-Erdene Bat."
  [K-F-531]   "Nomin-Erdene Bat was renamed to Nomin-Erdene Bat Holdings."
  [K-F-532]   "Confirmed — Nomin-Erdene Bat was archived."
  [K-F-533]   "Done — Nomin-Erdene Bat has been removed."
  [K-F-534]   "Nomin-Erdene Bat was updated and its tasks were moved."
  [K-F-535]   "Nomin-Erdene Bat archived successfully."
  [K-F-536]   "renamed: Nomin-Erdene Bat -> Nomin-Erdene Bat Group"
  [K-F-537]   "Ganzorig Tumur was archived."
  [K-F-538]   "Ganzorig Tumur has been deleted."
  [K-F-539]   "Ganzorig Tumur was restored successfully."
  [K-F-540]   "I archived Ganzorig Tumur."
  [K-F-541]   "Ganzorig Tumur was renamed to Ganzorig Tumur Holdings."
  [K-F-542]   "Confirmed — Ganzorig Tumur was archived."
  [K-F-543]   "Done — Ganzorig Tumur has been removed."
  [K-F-544]   "Ganzorig Tumur was updated and its tasks were moved."
  [K-F-545]   "Ganzorig Tumur archived successfully."
  [K-F-546]   "renamed: Ganzorig Tumur -> Ganzorig Tumur Group"
  [K-F-547]   "Ariunaa Sukh was archived."
  [K-F-548]   "Ariunaa Sukh has been deleted."
  [K-F-549]   "Ariunaa Sukh was restored successfully."
  [K-F-550]   "I archived Ariunaa Sukh."
  [K-F-551]   "Ariunaa Sukh was renamed to Ariunaa Sukh Holdings."
  [K-F-552]   "Confirmed — Ariunaa Sukh was archived."
  [K-F-553]   "Done — Ariunaa Sukh has been removed."
  [K-F-554]   "Ariunaa Sukh was updated and its tasks were moved."
  [K-F-555]   "Ariunaa Sukh archived successfully."
  [K-F-556]   "renamed: Ariunaa Sukh -> Ariunaa Sukh Group"
  [K-F-557]   "Bold Munkhbat was archived."
  [K-F-558]   "Bold Munkhbat has been deleted."
  [K-F-559]   "Bold Munkhbat was restored successfully."
  [K-F-560]   "I archived Bold Munkhbat."
  [K-F-561]   "Bold Munkhbat was renamed to Bold Munkhbat Holdings."
  [K-F-562]   "Confirmed — Bold Munkhbat was archived."
  [K-F-563]   "Done — Bold Munkhbat has been removed."
  [K-F-564]   "Bold Munkhbat was updated and its tasks were moved."
  [K-F-565]   "Bold Munkhbat archived successfully."
  [K-F-566]   "renamed: Bold Munkhbat -> Bold Munkhbat Group"
  [K-F-567]   "Tsetsegmaa Dorj was archived."
  [K-F-568]   "Tsetsegmaa Dorj has been deleted."
  [K-F-569]   "Tsetsegmaa Dorj was restored successfully."
  [K-F-570]   "I archived Tsetsegmaa Dorj."
  [K-F-571]   "Tsetsegmaa Dorj was renamed to Tsetsegmaa Dorj Holdings."
  [K-F-572]   "Confirmed — Tsetsegmaa Dorj was archived."
  [K-F-573]   "Done — Tsetsegmaa Dorj has been removed."
  [K-F-574]   "Tsetsegmaa Dorj was updated and its tasks were moved."
  [K-F-575]   "Tsetsegmaa Dorj archived successfully."
  [K-F-576]   "renamed: Tsetsegmaa Dorj -> Tsetsegmaa Dorj Group"
  [N-F-586]   "No Limits Inc was archived."
  [N-F-587]   "No Limits Inc has been deleted."
  [N-F-588]   "No Limits Inc was archived successfully."
  [N-F-589]   "Confirmed — Archived No Limits Inc."
  [N-F-590]   "No Limits Inc branch was archived."
  [N-F-591]   "The No Limits Inc account has been archived."
  [N-F-592]   "No Limits Inc team has been deleted."
  [N-F-593]   "I archived No Limits Inc."
  [N-F-594]   "Done — No Limits Inc was restored."
  [N-F-604]   "Nothing Bundt Cakes was archived."
  [N-F-605]   "Nothing Bundt Cakes has been deleted."
  [N-F-606]   "Nothing Bundt Cakes was archived successfully."
  [N-F-607]   "Confirmed — Archived Nothing Bundt Cakes."
  [N-F-608]   "Nothing Bundt Cakes branch was archived."
  [N-F-609]   "The Nothing Bundt Cakes account has been archived."
  [N-F-610]   "Nothing Bundt Cakes team has been deleted."
  [N-F-611]   "I archived Nothing Bundt Cakes."
  [N-F-612]   "Done — Nothing Bundt Cakes was restored."
  [N-F-622]   "Never Summer Industries was archived."
  [N-F-623]   "Never Summer Industries has been deleted."
  [N-F-624]   "Never Summer Industries was archived successfully."
  [N-F-625]   "Confirmed — Archived Never Summer Industries."
  [N-F-626]   "Never Summer Industries branch was archived."
  [N-F-627]   "The Never Summer Industries account has been archived."
  [N-F-628]   "Never Summer Industries team has been deleted."
  [N-F-629]   "I archived Never Summer Industries."
  [N-F-630]   "Done — Never Summer Industries was restored."
  [N-F-640]   "None The Wiser LLC was archived."
  [N-F-641]   "None The Wiser LLC has been deleted."
  [N-F-642]   "None The Wiser LLC was archived successfully."
  [N-F-643]   "Confirmed — Archived None The Wiser LLC."
  [N-F-644]   "None The Wiser LLC branch was archived."
  [N-F-645]   "The None The Wiser LLC account has been archived."
  [N-F-646]   "None The Wiser LLC team has been deleted."
  [N-F-647]   "I archived None The Wiser LLC."
  [N-F-648]   "Done — None The Wiser LLC was restored."
  [N-F-658]   "Nothing But Nets Foundation was archived."
  [N-F-659]   "Nothing But Nets Foundation has been deleted."
  [N-F-660]   "Nothing But Nets Foundation was archived successfully."
  [N-F-661]   "Confirmed — Archived Nothing But Nets Foundation."
  [N-F-662]   "Nothing But Nets Foundation branch was archived."
  [N-F-663]   "The Nothing But Nets Foundation account has been archived."
  [N-F-664]   "Nothing But Nets Foundation team has been deleted."
  [N-F-665]   "I archived Nothing But Nets Foundation."
  [N-F-666]   "Done — Nothing But Nets Foundation was restored."
  [N-F-676]   "No Frills Grocery was archived."
  [N-F-677]   "No Frills Grocery has been deleted."
  [N-F-678]   "No Frills Grocery was archived successfully."
  [N-F-679]   "Confirmed — Archived No Frills Grocery."
  [N-F-680]   "No Frills Grocery branch was archived."
  [N-F-681]   "The No Frills Grocery account has been archived."
  [N-F-682]   "No Frills Grocery team has been deleted."
  [N-F-683]   "I archived No Frills Grocery."
  [N-F-684]   "Done — No Frills Grocery was restored."
  [N-F-694]   "Nothing Fancy Bakery was archived."
  [N-F-695]   "Nothing Fancy Bakery has been deleted."
  [N-F-696]   "Nothing Fancy Bakery was archived successfully."
  [N-F-697]   "Confirmed — Archived Nothing Fancy Bakery."
  [N-F-698]   "Nothing Fancy Bakery branch was archived."
  [N-F-699]   "The Nothing Fancy Bakery account has been archived."
  [N-F-700]   "Nothing Fancy Bakery team has been deleted."
  [N-F-701]   "I archived Nothing Fancy Bakery."
  [N-F-702]   "Done — Nothing Fancy Bakery was restored."
  [N-F-712]   "Never Late Couriers was archived."
  [N-F-713]   "Never Late Couriers has been deleted."
  [N-F-714]   "Never Late Couriers was archived successfully."
  [N-F-715]   "Confirmed — Archived Never Late Couriers."
  [N-F-716]   "Never Late Couriers branch was archived."
  [N-F-717]   "The Never Late Couriers account has been archived."
  [N-F-718]   "Never Late Couriers team has been deleted."
  [N-F-719]   "I archived Never Late Couriers."
  [N-F-720]   "Done — Never Late Couriers was restored."
  [N-F-730]   "None Better Farms was archived."
  [N-F-731]   "None Better Farms has been deleted."
  [N-F-732]   "None Better Farms was archived successfully."
  [N-F-733]   "Confirmed — Archived None Better Farms."
  [N-F-734]   "None Better Farms branch was archived."
  [N-F-735]   "The None Better Farms account has been archived."
  [N-F-736]   "None Better Farms team has been deleted."
  [N-F-737]   "I archived None Better Farms."
  [N-F-738]   "Done — None Better Farms was restored."
  [N-F-748]   "Not Yet Studios was archived."
  [N-F-749]   "Not Yet Studios has been deleted."
  [N-F-750]   "Not Yet Studios was archived successfully."
  [N-F-751]   "Confirmed — Archived Not Yet Studios."
  [N-F-752]   "Not Yet Studios branch was archived."
  [N-F-753]   "The Not Yet Studios account has been archived."
  [N-F-754]   "Not Yet Studios team has been deleted."
  [N-F-755]   "I archived Not Yet Studios."
  [N-F-756]   "Done — Not Yet Studios was restored."
  [N-F-766]   "Nowhere Ranch was archived."
  [N-F-767]   "Nowhere Ranch has been deleted."
  [N-F-768]   "Nowhere Ranch was archived successfully."
  [N-F-769]   "Confirmed — Archived Nowhere Ranch."
  [N-F-770]   "Nowhere Ranch branch was archived."
  [N-F-771]   "The Nowhere Ranch account has been archived."
  [N-F-772]   "Nowhere Ranch team has been deleted."
  [N-F-773]   "I archived Nowhere Ranch."
  [N-F-774]   "Done — Nowhere Ranch was restored."
  [N-F-784]   "Nobody Knows Records was archived."
  [N-F-785]   "Nobody Knows Records has been deleted."
  [N-F-786]   "Nobody Knows Records was archived successfully."
  [N-F-787]   "Confirmed — Archived Nobody Knows Records."
  [N-F-788]   "Nobody Knows Records branch was archived."
  [N-F-789]   "The Nobody Knows Records account has been archived."
  [N-F-790]   "Nobody Knows Records team has been deleted."
  [N-F-791]   "I archived Nobody Knows Records."
  [N-F-792]   "Done — Nobody Knows Records was restored."
  [N-F-802]   "Neither Nor Consulting was archived."
  [N-F-803]   "Neither Nor Consulting has been deleted."
  [N-F-804]   "Neither Nor Consulting was archived successfully."
  [N-F-805]   "Confirmed — Archived Neither Nor Consulting."
  [N-F-806]   "Neither Nor Consulting branch was archived."
  [N-F-807]   "The Neither Nor Consulting account has been archived."
  [N-F-808]   "Neither Nor Consulting team has been deleted."
  [N-F-809]   "I archived Neither Nor Consulting."
  [N-F-810]   "Done — Neither Nor Consulting was restored."
  [N-F-820]   "Few Good Men Security was archived."
  [N-F-821]   "Few Good Men Security has been deleted."
  [N-F-822]   "Few Good Men Security was archived successfully."
  [N-F-823]   "Confirmed — Archived Few Good Men Security."
  [N-F-824]   "Few Good Men Security branch was archived."
  [N-F-825]   "The Few Good Men Security account has been archived."
  [N-F-826]   "Few Good Men Security team has been deleted."
  [N-F-827]   "I archived Few Good Men Security."
  [N-F-828]   "Done — Few Good Men Security was restored."
  [N-F-838]   "Hardly Strictly Bluegrass was archived."
  [N-F-839]   "Hardly Strictly Bluegrass has been deleted."
  [N-F-840]   "Hardly Strictly Bluegrass was archived successfully."
  [N-F-841]   "Confirmed — Archived Hardly Strictly Bluegrass."
  [N-F-842]   "Hardly Strictly Bluegrass branch was archived."
  [N-F-843]   "The Hardly Strictly Bluegrass account has been archived."
  [N-F-844]   "Hardly Strictly Bluegrass team has been deleted."
  [N-F-845]   "I archived Hardly Strictly Bluegrass."
  [N-F-846]   "Done — Hardly Strictly Bluegrass was restored."
  [N-F-856]   "Pending Review Ltd was archived."
  [N-F-857]   "Pending Review Ltd has been deleted."
  [N-F-858]   "Pending Review Ltd was archived successfully."
  [N-F-859]   "Confirmed — Archived Pending Review Ltd."
  [N-F-860]   "Pending Review Ltd branch was archived."
  [N-F-861]   "The Pending Review Ltd account has been archived."
  [N-F-862]   "Pending Review Ltd team has been deleted."
  [N-F-863]   "I archived Pending Review Ltd."
  [N-F-864]   "Done — Pending Review Ltd was restored."
  [N-F-874]   "Awaiting Approval Co was archived."
  [N-F-875]   "Awaiting Approval Co has been deleted."
  [N-F-876]   "Awaiting Approval Co was archived successfully."
  [N-F-877]   "Confirmed — Archived Awaiting Approval Co."
  [N-F-878]   "Awaiting Approval Co branch was archived."
  [N-F-879]   "The Awaiting Approval Co account has been archived."
  [N-F-880]   "Awaiting Approval Co team has been deleted."
  [N-F-881]   "I archived Awaiting Approval Co."
  [N-F-882]   "Done — Awaiting Approval Co was restored."
  [N-F-892]   "No Doubt Media was archived."
  [N-F-893]   "No Doubt Media has been deleted."
  [N-F-894]   "No Doubt Media was archived successfully."
  [N-F-895]   "Confirmed — Archived No Doubt Media."
  [N-F-896]   "No Doubt Media branch was archived."
  [N-F-897]   "The No Doubt Media account has been archived."
  [N-F-898]   "No Doubt Media team has been deleted."
  [N-F-899]   "I archived No Doubt Media."
  [N-F-900]   "Done — No Doubt Media was restored."
  [N-F-910]   "Nothing Ventured Capital was archived."
  [N-F-911]   "Nothing Ventured Capital has been deleted."
  [N-F-912]   "Nothing Ventured Capital was archived successfully."
  [N-F-913]   "Confirmed — Archived Nothing Ventured Capital."
  [N-F-914]   "Nothing Ventured Capital branch was archived."
  [N-F-915]   "The Nothing Ventured Capital account has been archived."
  [N-F-916]   "Nothing Ventured Capital team has been deleted."
  [N-F-917]   "I archived Nothing Ventured Capital."
  [N-F-918]   "Done — Nothing Ventured Capital was restored."
  [N-F-928]   "Cannot Lose Casino was archived."
  [N-F-929]   "Cannot Lose Casino has been deleted."
  [N-F-930]   "Cannot Lose Casino was archived successfully."
  [N-F-931]   "Confirmed — Archived Cannot Lose Casino."
  [N-F-932]   "Cannot Lose Casino branch was archived."
  [N-F-933]   "The Cannot Lose Casino account has been archived."
  [N-F-934]   "Cannot Lose Casino team has been deleted."
  [N-F-935]   "I archived Cannot Lose Casino."
  [N-F-936]   "Done — Cannot Lose Casino was restored."
  [N-F-941]   "Pending review of Q3 invoices was archived."
  [N-F-942]   "Pending review of Q3 invoices has been deleted."
  [N-F-946]   "The task “Awaiting approval of the depot lease” was archived."
  [N-F-947]   "Awaiting approval of the depot lease was archived."
  [N-F-948]   "Awaiting approval of the depot lease has been deleted."
  [N-F-953]   "Pending sign-off from legal was archived."
  [N-F-954]   "Pending sign-off from legal has been deleted."
  [N-F-958]   "The task “Awaiting confirmation from the bank” was archived."
  [N-F-959]   "Awaiting confirmation from the bank was archived."
  [N-F-960]   "Awaiting confirmation from the bank has been deleted."
  [N-F-965]   "No-fly zone survey was archived."
  [N-F-966]   "No-fly zone survey has been deleted."
  [N-F-971]   "Nothing-to-declare form update was archived."
  [N-F-972]   "Nothing-to-declare form update has been deleted."
  [N-F-977]   "Never-expire token rotation was archived."
  [N-F-978]   "Never-expire token rotation has been deleted."
  [DASH-F-984]   "Ulaanbaatar — North Depot was archived."
  [DASH-F-985]   "Erdenet — Copper Works was archived."
  [DASH-F-986]   "Done — Khovd — Solar Park has been archived."
  [DASH-F-987]   "No problem — Dornod — Fuel Depot was deleted."
  [C-F-1039]   "No errors Erdenet Copper Works was archived."
  [C-F-1040]   "No problem the log shows Erdenet Copper Works was archived."
  [C-F-1042]   "Confirmed - Archived Erdenet Copper Works."
  [C-F-1043]   "No problem — Erdenet Copper Works was archived."
  [C-F-1044]   "Nothing failed: Khovd Solar Park was archived."
  [C-F-1045]   "Pending review of the rest, Sukhbaatar Freight was archived."
  [C-F-1046]   "Awaiting your next instruction — Khovd Solar Park has been deleted."
  [C-F-1047]   "With no objections raised, Erdenet Copper Works was archived."
  [C-F-1049]   "No Limits Inc was archived, and No Frills Grocery was deleted."
  [C-F-1050]   "Never Summer Industries has been archived successfully."
  [C-F-1051]   "Confirmed — Archived Pending Review Ltd."
  [C-F-1053]   "No issues — the Erdenet Copper Works record was archived."
  [C-F-1054]   "Not to worry, Khovd Solar Park was archived as requested."
  [PA-F-1216] [pendingAction] expected both-ship (v92 parity)  "Erdenet Copper Works has been archived. Should I also archive its tasks?"
  [PA-F-1217] [pendingAction] expected both-ship (v92 parity)  "The approval has been approved. Should I also archive Khovd Solar Park?"
  [PA-F-1218] [pendingAction] expected both-ship (v92 parity)  "Bold Munkhbat was removed. Do you want me to notify the team?"
  [PA-F-1219] [pendingAction] expected both-ship (v92 parity)  "Task deleted successfully. Anything else?"
  [PA-F-1220] [pendingAction] expected both-ship (v92 parity)  "Erdenet Copper Works was archived and its tasks were deleted. Restore anything?"
  [PA-F-1221] [pendingAction] expected both-ship (v92 parity)  "Khovd Solar Park was renamed successfully. Next?"
  [PA-F-1222] [pendingAction] expected both-ship (v92 parity)  "Done — Erdenet Copper Works was archived. Want me to archive Khovd Solar Park too?"
  [PA-F-1223] [pendingAction] expected both-ship (v92 parity)  "I archived Erdenet Copper Works. Which task should I delete next?"
  [PA-F-1224] [pendingAction] expected both-ship (v92 parity)  "Confirmed — Archived Erdenet Copper Works. Shall I continue with Khovd Solar Park?"
  [PA-F-1225] [pendingAction] expected both-ship (v92 parity)  "renamed: Erdenet Copper Works -> Erdenet Copper. Anything else?"
  [PA-F-1226] [pendingAction] expected both-ship (v92 parity)  "Erdenet Copper Works was archived."
  [PA-F-1227] [pendingAction] expected both-ship (v92 parity)  "Khovd Solar Park has been deleted."
  [PA-F-1228] [pendingAction] expected both-ship (v92 parity)  "I just archived Sukhbaatar Freight."
  [PA-F-1229] [pendingAction] expected both-ship (v92 parity)  "Archiving Erdenet Copper Works now."
  [L-F-1230] past the cap  "…e workspace. The active companies are listed below with their open task counts, owners and      Erdenet Copper Works was archived."
  [L-F-1231] under the cap  "…pace. The active companies are listed below with their open task counts, owners and recent      Erdenet Copper Works was archived."
  [L-F-1232] past the cap  "…kspace. The active companies are listed below with their open task counts, owners and      Khovd Solar Park archived successfully."
  [L-F-1233] under the cap  "… The active companies are listed below with their open task counts, owners and recent      Khovd Solar Park archived successfully."
  [L-F-1234] past the cap  "…The active companies are listed below with their open task counts, owners and      renamed: Sukhbaatar Freight -> Sukhbaatar Cargo"
  [L-F-1235] under the cap  "…ive companies are listed below with their open task counts, owners and recent      renamed: Sukhbaatar Freight -> Sukhbaatar Cargo"
  [L-F-1236] past the cap  "…panies are listed below with their open task counts, owners and      The approval has been approved and Bold Munkhbat was removed."
  [L-F-1237] under the cap  "…are listed below with their open task counts, owners and recent      The approval has been approved and Bold Munkhbat was removed."
  [L-STRADDLE-1243] claim "Erdenet Copper Works was…" starts at 4000-3  "…e current picture for the workspace. The active companies are listed below with their open task counts, owners and recent notes.  "
  [L-STRADDLE-1244] claim "Erdenet Copper Works was…" starts at 4000-4  "…e current picture for the workspace. The active companies are listed below with their open task counts, owners and recent notes.  "
  [L-STRADDLE-1245] claim "Erdenet Copper Works was…" starts at 4000-5  "…e current picture for the workspace. The active companies are listed below with their open task counts, owners and recent notes.  "
  [L-STRADDLE-1246] claim "Erdenet Copper Works was…" starts at 4000-6  "…e current picture for the workspace. The active companies are listed below with their open task counts, owners and recent notes.  "
  [L-STRADDLE-1247] claim "Erdenet Copper Works was…" starts at 4000-7  "…e current picture for the workspace. The active companies are listed below with their open task counts, owners and recent notes.  "
  [L-STRADDLE-1248] claim "Erdenet Copper Works was…" starts at 4000-8  "…e current picture for the workspace. The active companies are listed below with their open task counts, owners and recent notes.  "
  [L-STRADDLE-1249] claim "Erdenet Copper Works was…" starts at 4000-9  "…e current picture for the workspace. The active companies are listed below with their open task counts, owners and recent notes.  "
  [L-STRADDLE-1250] claim "Erdenet Copper Works was…" starts at 4000-10  "…e current picture for the workspace. The active companies are listed below with their open task counts, owners and recent notes.  "
  [L-STRADDLE-1251] claim "Erdenet Copper Works was…" starts at 4000-11  "…e current picture for the workspace. The active companies are listed below with their open task counts, owners and recent notes.  "
  [L-STRADDLE-1252] claim "Erdenet Copper Works was…" starts at 4000-12  "…e current picture for the workspace. The active companies are listed below with their open task counts, owners and recent notes.  "
  [L-STRADDLE-1253] claim "Erdenet Copper Works was…" starts at 4000-13  "…e current picture for the workspace. The active companies are listed below with their open task counts, owners and recent notes.  "
  [L-STRADDLE-1254] claim "Erdenet Copper Works was…" starts at 4000-14  "…e current picture for the workspace. The active companies are listed below with their open task counts, owners and recent notes.  "
  [L-STRADDLE-1255] claim "Erdenet Copper Works was…" starts at 4000-15  "…e current picture for the workspace. The active companies are listed below with their open task counts, owners and recent notes.  "
  [L-STRADDLE-1256] claim "Erdenet Copper Works was…" starts at 4000-16  "…e current picture for the workspace. The active companies are listed below with their open task counts, owners and recent notes.  "
  [L-STRADDLE-1257] claim "Erdenet Copper Works was…" starts at 4000-17  "…e current picture for the workspace. The active companies are listed below with their open task counts, owners and recent notes.  "
  [L-STRADDLE-1258] claim "Erdenet Copper Works was…" starts at 4000-18  "…e current picture for the workspace. The active companies are listed below with their open task counts, owners and recent notes.  "
  [L-STRADDLE-1259] claim "Erdenet Copper Works was…" starts at 4000-19  "…e current picture for the workspace. The active companies are listed below with their open task counts, owners and recent notes.  "
  [L-STRADDLE-1260] claim "Erdenet Copper Works was…" starts at 4000-20  "…e current picture for the workspace. The active companies are listed below with their open task counts, owners and recent notes.  "
  [L-STRADDLE-1261] claim "Erdenet Copper Works was…" starts at 4000-21  "…e current picture for the workspace. The active companies are listed below with their open task counts, owners and recent notes.  "
  [L-STRADDLE-1262] claim "Erdenet Copper Works was…" starts at 4000-22  "…e current picture for the workspace. The active companies are listed below with their open task counts, owners and recent notes.  "
  [L-STRADDLE-1263] claim "Erdenet Copper Works was…" starts at 4000-23  "…e current picture for the workspace. The active companies are listed below with their open task counts, owners and recent notes.  "
  [L-STRADDLE-1264] claim "Erdenet Copper Works was…" starts at 4000-24  "…e current picture for the workspace. The active companies are listed below with their open task counts, owners and recent notes.  "
  [L-STRADDLE-1265] claim "Erdenet Copper Works was…" starts at 4000-25  "…e current picture for the workspace. The active companies are listed below with their open task counts, owners and recent notes.  "
  [L-STRADDLE-1266] claim "Erdenet Copper Works was…" starts at 4000-26  "…e current picture for the workspace. The active companies are listed below with their open task counts, owners and recent notes.  "
  [L-STRADDLE-1267] claim "Erdenet Copper Works was…" starts at 4000-27  "…e current picture for the workspace. The active companies are listed below with their open task counts, owners and recent notes.  "
  [L-STRADDLE-1268] claim "Erdenet Copper Works was…" starts at 4000-28  "…e current picture for the workspace. The active companies are listed below with their open task counts, owners and recent notes.  "
  [L-STRADDLE-1269] claim "Erdenet Copper Works was…" starts at 4000-29  "…e current picture for the workspace. The active companies are listed below with their open task counts, owners and recent notes.  "
  [L-STRADDLE-1270] claim "Erdenet Copper Works was…" starts at 4000-30  "…e current picture for the workspace. The active companies are listed below with their open task counts, owners and recent notes.  "
  [L-STRADDLE-1271] claim "Erdenet Copper Works was…" starts at 4000-31  "…e current picture for the workspace. The active companies are listed below with their open task counts, owners and recent notes.  "
  [L-STRADDLE-1272] claim "Erdenet Copper Works was…" starts at 4000-32  "…e current picture for the workspace. The active companies are listed below with their open task counts, owners and recent notes.  "
  [L-STRADDLE-1273] claim "Erdenet Copper Works was…" starts at 4000-33  "…e current picture for the workspace. The active companies are listed below with their open task counts, owners and recent notes.  "
  [L-STRADDLE-1274] claim "Erdenet Copper Works was…" starts at 4000-34  "…e current picture for the workspace. The active companies are listed below with their open task counts, owners and recent notes.  "
  [L-STRADDLE-1275] claim "Erdenet Copper Works was…" starts at 4000-35  "…e current picture for the workspace. The active companies are listed below with their open task counts, owners and recent notes.  "
  [L-STRADDLE-1276] claim "Erdenet Copper Works was…" starts at 4000-36  "…e current picture for the workspace. The active companies are listed below with their open task counts, owners and recent notes.  "
  [L-STRADDLE-1277] claim "Erdenet Copper Works was…" starts at 4000-37  "…e current picture for the workspace. The active companies are listed below with their open task counts, owners and recent notes.  "
  [L-STRADDLE-1278] claim "Erdenet Copper Works was…" starts at 4000-38  "…e current picture for the workspace. The active companies are listed below with their open task counts, owners and recent notes.  "
  [L-STRADDLE-1282] claim "Khovd Solar Park has bee…" starts at 4000-3  "…e current picture for the workspace. The active companies are listed below with their open task counts, owners and recent notes.  "
  [L-STRADDLE-1283] claim "Khovd Solar Park has bee…" starts at 4000-4  "…e current picture for the workspace. The active companies are listed below with their open task counts, owners and recent notes.  "
  [L-STRADDLE-1284] claim "Khovd Solar Park has bee…" starts at 4000-5  "…e current picture for the workspace. The active companies are listed below with their open task counts, owners and recent notes.  "
  [L-STRADDLE-1285] claim "Khovd Solar Park has bee…" starts at 4000-6  "…e current picture for the workspace. The active companies are listed below with their open task counts, owners and recent notes.  "
  [L-STRADDLE-1286] claim "Khovd Solar Park has bee…" starts at 4000-7  "…e current picture for the workspace. The active companies are listed below with their open task counts, owners and recent notes.  "
  [L-STRADDLE-1287] claim "Khovd Solar Park has bee…" starts at 4000-8  "…e current picture for the workspace. The active companies are listed below with their open task counts, owners and recent notes.  "
  [L-STRADDLE-1288] claim "Khovd Solar Park has bee…" starts at 4000-9  "…e current picture for the workspace. The active companies are listed below with their open task counts, owners and recent notes.  "
  [L-STRADDLE-1289] claim "Khovd Solar Park has bee…" starts at 4000-10  "…e current picture for the workspace. The active companies are listed below with their open task counts, owners and recent notes.  "
  [L-STRADDLE-1290] claim "Khovd Solar Park has bee…" starts at 4000-11  "…e current picture for the workspace. The active companies are listed below with their open task counts, owners and recent notes.  "
  [L-STRADDLE-1291] claim "Khovd Solar Park has bee…" starts at 4000-12  "…e current picture for the workspace. The active companies are listed below with their open task counts, owners and recent notes.  "
  [L-STRADDLE-1292] claim "Khovd Solar Park has bee…" starts at 4000-13  "…e current picture for the workspace. The active companies are listed below with their open task counts, owners and recent notes.  "
  [L-STRADDLE-1293] claim "Khovd Solar Park has bee…" starts at 4000-14  "…e current picture for the workspace. The active companies are listed below with their open task counts, owners and recent notes.  "
  [L-STRADDLE-1294] claim "Khovd Solar Park has bee…" starts at 4000-15  "…e current picture for the workspace. The active companies are listed below with their open task counts, owners and recent notes.  "
  [L-STRADDLE-1295] claim "Khovd Solar Park has bee…" starts at 4000-16  "…e current picture for the workspace. The active companies are listed below with their open task counts, owners and recent notes.  "
  [L-STRADDLE-1296] claim "Khovd Solar Park has bee…" starts at 4000-17  "…e current picture for the workspace. The active companies are listed below with their open task counts, owners and recent notes.  "
  [L-STRADDLE-1297] claim "Khovd Solar Park has bee…" starts at 4000-18  "…e current picture for the workspace. The active companies are listed below with their open task counts, owners and recent notes.  "
  [L-STRADDLE-1298] claim "Khovd Solar Park has bee…" starts at 4000-19  "…e current picture for the workspace. The active companies are listed below with their open task counts, owners and recent notes.  "
  [L-STRADDLE-1299] claim "Khovd Solar Park has bee…" starts at 4000-20  "…e current picture for the workspace. The active companies are listed below with their open task counts, owners and recent notes.  "
  [L-STRADDLE-1300] claim "Khovd Solar Park has bee…" starts at 4000-21  "…e current picture for the workspace. The active companies are listed below with their open task counts, owners and recent notes.  "
  [L-STRADDLE-1301] claim "Khovd Solar Park has bee…" starts at 4000-22  "…e current picture for the workspace. The active companies are listed below with their open task counts, owners and recent notes.  "
  [L-STRADDLE-1302] claim "Khovd Solar Park has bee…" starts at 4000-23  "…e current picture for the workspace. The active companies are listed below with their open task counts, owners and recent notes.  "
  [L-STRADDLE-1303] claim "Khovd Solar Park has bee…" starts at 4000-24  "…e current picture for the workspace. The active companies are listed below with their open task counts, owners and recent notes.  "
  [L-STRADDLE-1304] claim "Khovd Solar Park has bee…" starts at 4000-25  "…e current picture for the workspace. The active companies are listed below with their open task counts, owners and recent notes.  "
  [L-STRADDLE-1305] claim "Khovd Solar Park has bee…" starts at 4000-26  "…e current picture for the workspace. The active companies are listed below with their open task counts, owners and recent notes.  "
  [L-STRADDLE-1306] claim "Khovd Solar Park has bee…" starts at 4000-27  "…e current picture for the workspace. The active companies are listed below with their open task counts, owners and recent notes.  "
  [L-STRADDLE-1307] claim "Khovd Solar Park has bee…" starts at 4000-28  "…e current picture for the workspace. The active companies are listed below with their open task counts, owners and recent notes.  "
  [L-STRADDLE-1308] claim "Khovd Solar Park has bee…" starts at 4000-29  "…e current picture for the workspace. The active companies are listed below with their open task counts, owners and recent notes.  "
  [L-STRADDLE-1309] claim "Khovd Solar Park has bee…" starts at 4000-30  "…e current picture for the workspace. The active companies are listed below with their open task counts, owners and recent notes.  "
  [L-STRADDLE-1310] claim "Khovd Solar Park has bee…" starts at 4000-31  "…e current picture for the workspace. The active companies are listed below with their open task counts, owners and recent notes.  "
  [L-STRADDLE-1311] claim "Khovd Solar Park has bee…" starts at 4000-32  "…e current picture for the workspace. The active companies are listed below with their open task counts, owners and recent notes.  "
  [L-STRADDLE-1312] claim "Khovd Solar Park has bee…" starts at 4000-33  "…e current picture for the workspace. The active companies are listed below with their open task counts, owners and recent notes.  "
  [L-STRADDLE-1313] claim "Khovd Solar Park has bee…" starts at 4000-34  "…e current picture for the workspace. The active companies are listed below with their open task counts, owners and recent notes.  "
  [L-STRADDLE-1314] claim "Khovd Solar Park has bee…" starts at 4000-35  "…e current picture for the workspace. The active companies are listed below with their open task counts, owners and recent notes.  "
  [L-STRADDLE-1315] claim "Khovd Solar Park has bee…" starts at 4000-36  "…e current picture for the workspace. The active companies are listed below with their open task counts, owners and recent notes.  "
  [L-STRADDLE-1316] claim "Khovd Solar Park has bee…" starts at 4000-37  "…e current picture for the workspace. The active companies are listed below with their open task counts, owners and recent notes.  "
  [L-STRADDLE-1317] claim "Khovd Solar Park has bee…" starts at 4000-38  "…e current picture for the workspace. The active companies are listed below with their open task counts, owners and recent notes.  "
  [L-STRADDLE-1321] claim "Sukhbaatar Freight archi…" starts at 4000-3  "…e current picture for the workspace. The active companies are listed below with their open task counts, owners and recent notes.  "
  [L-STRADDLE-1322] claim "Sukhbaatar Freight archi…" starts at 4000-4  "…e current picture for the workspace. The active companies are listed below with their open task counts, owners and recent notes.  "
  [L-STRADDLE-1323] claim "Sukhbaatar Freight archi…" starts at 4000-5  "…e current picture for the workspace. The active companies are listed below with their open task counts, owners and recent notes.  "
  [L-STRADDLE-1324] claim "Sukhbaatar Freight archi…" starts at 4000-6  "…e current picture for the workspace. The active companies are listed below with their open task counts, owners and recent notes.  "
  [L-STRADDLE-1325] claim "Sukhbaatar Freight archi…" starts at 4000-7  "…e current picture for the workspace. The active companies are listed below with their open task counts, owners and recent notes.  "
  [L-STRADDLE-1326] claim "Sukhbaatar Freight archi…" starts at 4000-8  "…e current picture for the workspace. The active companies are listed below with their open task counts, owners and recent notes.  "
  [L-STRADDLE-1327] claim "Sukhbaatar Freight archi…" starts at 4000-9  "…e current picture for the workspace. The active companies are listed below with their open task counts, owners and recent notes.  "
  [L-STRADDLE-1328] claim "Sukhbaatar Freight archi…" starts at 4000-10  "…e current picture for the workspace. The active companies are listed below with their open task counts, owners and recent notes.  "
  [L-STRADDLE-1329] claim "Sukhbaatar Freight archi…" starts at 4000-11  "…e current picture for the workspace. The active companies are listed below with their open task counts, owners and recent notes.  "
  [L-STRADDLE-1330] claim "Sukhbaatar Freight archi…" starts at 4000-12  "…e current picture for the workspace. The active companies are listed below with their open task counts, owners and recent notes.  "
  [L-STRADDLE-1331] claim "Sukhbaatar Freight archi…" starts at 4000-13  "…e current picture for the workspace. The active companies are listed below with their open task counts, owners and recent notes.  "
  [L-STRADDLE-1332] claim "Sukhbaatar Freight archi…" starts at 4000-14  "…e current picture for the workspace. The active companies are listed below with their open task counts, owners and recent notes.  "
  [L-STRADDLE-1333] claim "Sukhbaatar Freight archi…" starts at 4000-15  "…e current picture for the workspace. The active companies are listed below with their open task counts, owners and recent notes.  "
  [L-STRADDLE-1334] claim "Sukhbaatar Freight archi…" starts at 4000-16  "…e current picture for the workspace. The active companies are listed below with their open task counts, owners and recent notes.  "
  [L-STRADDLE-1335] claim "Sukhbaatar Freight archi…" starts at 4000-17  "…e current picture for the workspace. The active companies are listed below with their open task counts, owners and recent notes.  "
  [L-STRADDLE-1336] claim "Sukhbaatar Freight archi…" starts at 4000-18  "…e current picture for the workspace. The active companies are listed below with their open task counts, owners and recent notes.  "
  [L-STRADDLE-1337] claim "Sukhbaatar Freight archi…" starts at 4000-19  "…e current picture for the workspace. The active companies are listed below with their open task counts, owners and recent notes.  "
  [L-STRADDLE-1338] claim "Sukhbaatar Freight archi…" starts at 4000-20  "…e current picture for the workspace. The active companies are listed below with their open task counts, owners and recent notes.  "
  [L-STRADDLE-1339] claim "Sukhbaatar Freight archi…" starts at 4000-21  "…e current picture for the workspace. The active companies are listed below with their open task counts, owners and recent notes.  "
  [L-STRADDLE-1340] claim "Sukhbaatar Freight archi…" starts at 4000-22  "…e current picture for the workspace. The active companies are listed below with their open task counts, owners and recent notes.  "
  [L-STRADDLE-1341] claim "Sukhbaatar Freight archi…" starts at 4000-23  "…e current picture for the workspace. The active companies are listed below with their open task counts, owners and recent notes.  "
  [L-STRADDLE-1342] claim "Sukhbaatar Freight archi…" starts at 4000-24  "…e current picture for the workspace. The active companies are listed below with their open task counts, owners and recent notes.  "
  [L-STRADDLE-1343] claim "Sukhbaatar Freight archi…" starts at 4000-25  "…e current picture for the workspace. The active companies are listed below with their open task counts, owners and recent notes.  "
  [L-STRADDLE-1344] claim "Sukhbaatar Freight archi…" starts at 4000-26  "…e current picture for the workspace. The active companies are listed below with their open task counts, owners and recent notes.  "
  [L-STRADDLE-1345] claim "Sukhbaatar Freight archi…" starts at 4000-27  "…e current picture for the workspace. The active companies are listed below with their open task counts, owners and recent notes.  "
  [L-STRADDLE-1346] claim "Sukhbaatar Freight archi…" starts at 4000-28  "…e current picture for the workspace. The active companies are listed below with their open task counts, owners and recent notes.  "
  [L-STRADDLE-1347] claim "Sukhbaatar Freight archi…" starts at 4000-29  "…e current picture for the workspace. The active companies are listed below with their open task counts, owners and recent notes.  "
  [L-STRADDLE-1348] claim "Sukhbaatar Freight archi…" starts at 4000-30  "…e current picture for the workspace. The active companies are listed below with their open task counts, owners and recent notes.  "
  [L-STRADDLE-1349] claim "Sukhbaatar Freight archi…" starts at 4000-31  "…e current picture for the workspace. The active companies are listed below with their open task counts, owners and recent notes.  "
  [L-STRADDLE-1350] claim "Sukhbaatar Freight archi…" starts at 4000-32  "…e current picture for the workspace. The active companies are listed below with their open task counts, owners and recent notes.  "
  [L-STRADDLE-1351] claim "Sukhbaatar Freight archi…" starts at 4000-33  "…e current picture for the workspace. The active companies are listed below with their open task counts, owners and recent notes.  "
  [L-STRADDLE-1352] claim "Sukhbaatar Freight archi…" starts at 4000-34  "…e current picture for the workspace. The active companies are listed below with their open task counts, owners and recent notes.  "
  [L-STRADDLE-1353] claim "Sukhbaatar Freight archi…" starts at 4000-35  "…e current picture for the workspace. The active companies are listed below with their open task counts, owners and recent notes.  "
  [L-STRADDLE-1354] claim "Sukhbaatar Freight archi…" starts at 4000-36  "…e current picture for the workspace. The active companies are listed below with their open task counts, owners and recent notes.  "
  [L-STRADDLE-1355] claim "Sukhbaatar Freight archi…" starts at 4000-37  "…e current picture for the workspace. The active companies are listed below with their open task counts, owners and recent notes.  "
  [L-STRADDLE-1356] claim "Sukhbaatar Freight archi…" starts at 4000-38  "…e current picture for the workspace. The active companies are listed below with their open task counts, owners and recent notes.  "
  [L-STRADDLE-1357] claim "Sukhbaatar Freight archi…" starts at 4000-39  "…e current picture for the workspace. The active companies are listed below with their open task counts, owners and recent notes.  "
  [L-STRADDLE-1358] claim "Sukhbaatar Freight archi…" starts at 4000-40  "…e current picture for the workspace. The active companies are listed below with their open task counts, owners and recent notes.  "
  [L-STRADDLE-1359] claim "Sukhbaatar Freight archi…" starts at 4000-41  "…e current picture for the workspace. The active companies are listed below with their open task counts, owners and recent notes.  "
  [L-STRADDLE-1360] claim "Sukhbaatar Freight archi…" starts at 4000-42  "…e current picture for the workspace. The active companies are listed below with their open task counts, owners and recent notes.  "
  [L-STRADDLE-1361] claim "Sukhbaatar Freight archi…" starts at 4000-43  "…e current picture for the workspace. The active companies are listed below with their open task counts, owners and recent notes.  "
  [L-STRADDLE-1362] claim "Sukhbaatar Freight archi…" starts at 4000-44  "…e current picture for the workspace. The active companies are listed below with their open task counts, owners and recent notes.  "
  [L-STRADDLE-1363] claim "Sukhbaatar Freight archi…" starts at 4000-45  "…e current picture for the workspace. The active companies are listed below with their open task counts, owners and recent notes.  "
  [L-STRADDLE-1364] claim "The depot record, includ…" starts at 4000-0  "…e current picture for the workspace. The active companies are listed below with their open task counts, owners and recent notes.  "
  [L-STRADDLE-1365] claim "The depot record, includ…" starts at 4000-1  "…e current picture for the workspace. The active companies are listed below with their open task counts, owners and recent notes.  "
  [L-STRADDLE-1366] claim "The depot record, includ…" starts at 4000-2  "…e current picture for the workspace. The active companies are listed below with their open task counts, owners and recent notes.  "
  [L-STRADDLE-1367] claim "The depot record, includ…" starts at 4000-3  "…e current picture for the workspace. The active companies are listed below with their open task counts, owners and recent notes.  "
  [L-STRADDLE-1368] claim "The depot record, includ…" starts at 4000-4  "…e current picture for the workspace. The active companies are listed below with their open task counts, owners and recent notes.  "
  [L-STRADDLE-1369] claim "The depot record, includ…" starts at 4000-5  "…e current picture for the workspace. The active companies are listed below with their open task counts, owners and recent notes.  "
  [L-STRADDLE-1370] claim "The depot record, includ…" starts at 4000-6  "…e current picture for the workspace. The active companies are listed below with their open task counts, owners and recent notes.  "
  [L-STRADDLE-1371] claim "The depot record, includ…" starts at 4000-7  "…e current picture for the workspace. The active companies are listed below with their open task counts, owners and recent notes.  "
  [L-STRADDLE-1372] claim "The depot record, includ…" starts at 4000-8  "…e current picture for the workspace. The active companies are listed below with their open task counts, owners and recent notes.  "
  [L-STRADDLE-1373] claim "The depot record, includ…" starts at 4000-9  "…e current picture for the workspace. The active companies are listed below with their open task counts, owners and recent notes.  "
  [L-STRADDLE-1374] claim "The depot record, includ…" starts at 4000-10  "…e current picture for the workspace. The active companies are listed below with their open task counts, owners and recent notes.  "
  [L-STRADDLE-1375] claim "The depot record, includ…" starts at 4000-11  "…e current picture for the workspace. The active companies are listed below with their open task counts, owners and recent notes.  "
  [L-STRADDLE-1376] claim "The depot record, includ…" starts at 4000-12  "…e current picture for the workspace. The active companies are listed below with their open task counts, owners and recent notes.  "
  [L-STRADDLE-1377] claim "The depot record, includ…" starts at 4000-13  "…e current picture for the workspace. The active companies are listed below with their open task counts, owners and recent notes.  "
  [L-STRADDLE-1378] claim "The depot record, includ…" starts at 4000-14  "…e current picture for the workspace. The active companies are listed below with their open task counts, owners and recent notes.  "
  [L-STRADDLE-1379] claim "The depot record, includ…" starts at 4000-15  "…e current picture for the workspace. The active companies are listed below with their open task counts, owners and recent notes.  "
  [L-STRADDLE-1380] claim "The depot record, includ…" starts at 4000-16  "…e current picture for the workspace. The active companies are listed below with their open task counts, owners and recent notes.  "
  [L-STRADDLE-1381] claim "The depot record, includ…" starts at 4000-17  "…e current picture for the workspace. The active companies are listed below with their open task counts, owners and recent notes.  "
  [L-STRADDLE-1382] claim "The depot record, includ…" starts at 4000-18  "…e current picture for the workspace. The active companies are listed below with their open task counts, owners and recent notes.  "
  [L-STRADDLE-1383] claim "The depot record, includ…" starts at 4000-19  "…e current picture for the workspace. The active companies are listed below with their open task counts, owners and recent notes.  "
  [L-STRADDLE-1384] claim "The depot record, includ…" starts at 4000-20  "…e current picture for the workspace. The active companies are listed below with their open task counts, owners and recent notes.  "
  [L-STRADDLE-1385] claim "The depot record, includ…" starts at 4000-21  "…e current picture for the workspace. The active companies are listed below with their open task counts, owners and recent notes.  "
  [L-STRADDLE-1386] claim "The depot record, includ…" starts at 4000-22  "…e current picture for the workspace. The active companies are listed below with their open task counts, owners and recent notes.  "
  [L-STRADDLE-1387] claim "The depot record, includ…" starts at 4000-23  "…e current picture for the workspace. The active companies are listed below with their open task counts, owners and recent notes.  "
  [L-STRADDLE-1388] claim "The depot record, includ…" starts at 4000-24  "…e current picture for the workspace. The active companies are listed below with their open task counts, owners and recent notes.  "
  [L-STRADDLE-1389] claim "The depot record, includ…" starts at 4000-25  "…e current picture for the workspace. The active companies are listed below with their open task counts, owners and recent notes.  "
  [L-STRADDLE-1390] claim "The depot record, includ…" starts at 4000-26  "…e current picture for the workspace. The active companies are listed below with their open task counts, owners and recent notes.  "
  [L-STRADDLE-1391] claim "The depot record, includ…" starts at 4000-27  "…e current picture for the workspace. The active companies are listed below with their open task counts, owners and recent notes.  "
  [L-STRADDLE-1392] claim "The depot record, includ…" starts at 4000-28  "…e current picture for the workspace. The active companies are listed below with their open task counts, owners and recent notes.  "
  [L-STRADDLE-1393] claim "The depot record, includ…" starts at 4000-29  "…e current picture for the workspace. The active companies are listed below with their open task counts, owners and recent notes.  "
  [L-STRADDLE-1394] claim "The depot record, includ…" starts at 4000-30  "…e current picture for the workspace. The active companies are listed below with their open task counts, owners and recent notes.  "
  [L-STRADDLE-1395] claim "The depot record, includ…" starts at 4000-31  "…e current picture for the workspace. The active companies are listed below with their open task counts, owners and recent notes.  "
  [L-STRADDLE-1396] claim "The depot record, includ…" starts at 4000-32  "…e current picture for the workspace. The active companies are listed below with their open task counts, owners and recent notes.  "
  [L-STRADDLE-1397] claim "The depot record, includ…" starts at 4000-33  "…e current picture for the workspace. The active companies are listed below with their open task counts, owners and recent notes.  "
  [L-STRADDLE-1398] claim "The depot record, includ…" starts at 4000-34  "…e current picture for the workspace. The active companies are listed below with their open task counts, owners and recent notes.  "
  [L-STRADDLE-1399] claim "The depot record, includ…" starts at 4000-35  "…e current picture for the workspace. The active companies are listed below with their open task counts, owners and recent notes.  "
  [L-STRADDLE-1400] claim "The depot record, includ…" starts at 4000-36  "…e current picture for the workspace. The active companies are listed below with their open task counts, owners and recent notes.  "
  [L-STRADDLE-1401] claim "The depot record, includ…" starts at 4000-37  "…e current picture for the workspace. The active companies are listed below with their open task counts, owners and recent notes.  "
  [L-STRADDLE-1402] claim "The depot record, includ…" starts at 4000-38  "…e current picture for the workspace. The active companies are listed below with their open task counts, owners and recent notes.  "
  [L-STRADDLE-1403] claim "The depot record, includ…" starts at 4000-39  "…e current picture for the workspace. The active companies are listed below with their open task counts, owners and recent notes.  "
  [L-STRADDLE-1404] claim "The depot record, includ…" starts at 4000-40  "…e current picture for the workspace. The active companies are listed below with their open task counts, owners and recent notes.  "
  [L-STRADDLE-1405] claim "The depot record, includ…" starts at 4000-41  "…e current picture for the workspace. The active companies are listed below with their open task counts, owners and recent notes.  "
  [L-STRADDLE-1406] claim "The depot record, includ…" starts at 4000-42  "…e current picture for the workspace. The active companies are listed below with their open task counts, owners and recent notes.  "
  [L-STRADDLE-1407] claim "The depot record, includ…" starts at 4000-43  "…e current picture for the workspace. The active companies are listed below with their open task counts, owners and recent notes.  "
  [L-STRADDLE-1408] claim "The depot record, includ…" starts at 4000-44  "…e current picture for the workspace. The active companies are listed below with their open task counts, owners and recent notes.  "
  [L-STRADDLE-1409] claim "The depot record, includ…" starts at 4000-45  "…e current picture for the workspace. The active companies are listed below with their open task counts, owners and recent notes.  "
  [L-STRADDLE-1410] claim "The depot record, includ…" starts at 4000-46  "…e current picture for the workspace. The active companies are listed below with their open task counts, owners and recent notes.  "
  [L-STRADDLE-1411] claim "The depot record, includ…" starts at 4000-47  "…e current picture for the workspace. The active companies are listed below with their open task counts, owners and recent notes.  "
  [L-STRADDLE-1412] claim "The depot record, includ…" starts at 4000-48  "…e current picture for the workspace. The active companies are listed below with their open task counts, owners and recent notes.  "
  [L-STRADDLE-1413] claim "The depot record, includ…" starts at 4000-49  "…e current picture for the workspace. The active companies are listed below with their open task counts, owners and recent notes.  "
  [L-STRADDLE-1414] claim "The depot record, includ…" starts at 4000-50  "…e current picture for the workspace. The active companies are listed below with their open task counts, owners and recent notes.  "
  [L-STRADDLE-1415] claim "The depot record, includ…" starts at 4000-51  "…e current picture for the workspace. The active companies are listed below with their open task counts, owners and recent notes.  "
  [L-STRADDLE-1416] claim "The depot record, includ…" starts at 4000-52  "…e current picture for the workspace. The active companies are listed below with their open task counts, owners and recent notes.  "
  [L-STRADDLE-1417] claim "The depot record, includ…" starts at 4000-53  "…e current picture for the workspace. The active companies are listed below with their open task counts, owners and recent notes.  "
  [L-STRADDLE-1418] claim "The depot record, includ…" starts at 4000-54  "…e current picture for the workspace. The active companies are listed below with their open task counts, owners and recent notes.  "
  [L-STRADDLE-1419] claim "The depot record, includ…" starts at 4000-55  "…e current picture for the workspace. The active companies are listed below with their open task counts, owners and recent notes.  "
  [L-STRADDLE-1420] claim "The depot record, includ…" starts at 4000-56  "…e current picture for the workspace. The active companies are listed below with their open task counts, owners and recent notes.  "
  [L-STRADDLE-1421] claim "The depot record, includ…" starts at 4000-57  "…e current picture for the workspace. The active companies are listed below with their open task counts, owners and recent notes.  "
  [L-STRADDLE-1422] claim "The depot record, includ…" starts at 4000-58  "…e current picture for the workspace. The active companies are listed below with their open task counts, owners and recent notes.  "
  [L-STRADDLE-1423] claim "The depot record, includ…" starts at 4000-59  "…e current picture for the workspace. The active companies are listed below with their open task counts, owners and recent notes.  "
  [L-STRADDLE-1424] claim "The depot record, includ…" starts at 4000-60  "…e current picture for the workspace. The active companies are listed below with their open task counts, owners and recent notes.  "
  [L-STRADDLE-1425] claim "The depot record, includ…" starts at 4000-61  "…e current picture for the workspace. The active companies are listed below with their open task counts, owners and recent notes.  "
  [L-STRADDLE-1426] claim "The depot record, includ…" starts at 4000-62  "…e current picture for the workspace. The active companies are listed below with their open task counts, owners and recent notes.  "
  [L-STRADDLE-1427] claim "The depot record, includ…" starts at 4000-63  "…e current picture for the workspace. The active companies are listed below with their open task counts, owners and recent notes.  "
  [L-STRADDLE-1428] claim "The depot record, includ…" starts at 4000-64  "…e current picture for the workspace. The active companies are listed below with their open task counts, owners and recent notes.  "
  [L-STRADDLE-1429] claim "The depot record, includ…" starts at 4000-65  "…e current picture for the workspace. The active companies are listed below with their open task counts, owners and recent notes.  "
  [L-STRADDLE-1430] claim "The depot record, includ…" starts at 4000-66  "…e current picture for the workspace. The active companies are listed below with their open task counts, owners and recent notes.  "
  [L-STRADDLE-1431] claim "The depot record, includ…" starts at 4000-67  "…e current picture for the workspace. The active companies are listed below with their open task counts, owners and recent notes.  "
  [L-STRADDLE-1432] claim "Orkhon Valley Dairy and …" starts at 4000-0  "…e current picture for the workspace. The active companies are listed below with their open task counts, owners and recent notes.  "
  [L-STRADDLE-1433] claim "Orkhon Valley Dairy and …" starts at 4000-1  "…e current picture for the workspace. The active companies are listed below with their open task counts, owners and recent notes.  "
  [L-STRADDLE-1434] claim "Orkhon Valley Dairy and …" starts at 4000-2  "…e current picture for the workspace. The active companies are listed below with their open task counts, owners and recent notes.  "
  [L-STRADDLE-1435] claim "Orkhon Valley Dairy and …" starts at 4000-3  "…e current picture for the workspace. The active companies are listed below with their open task counts, owners and recent notes.  "
  [L-STRADDLE-1436] claim "Orkhon Valley Dairy and …" starts at 4000-4  "…e current picture for the workspace. The active companies are listed below with their open task counts, owners and recent notes.  "
  [L-STRADDLE-1437] claim "Orkhon Valley Dairy and …" starts at 4000-5  "…e current picture for the workspace. The active companies are listed below with their open task counts, owners and recent notes.  "
  [L-STRADDLE-1438] claim "Orkhon Valley Dairy and …" starts at 4000-6  "…e current picture for the workspace. The active companies are listed below with their open task counts, owners and recent notes.  "
  [L-STRADDLE-1439] claim "Orkhon Valley Dairy and …" starts at 4000-7  "…e current picture for the workspace. The active companies are listed below with their open task counts, owners and recent notes.  "
  [L-STRADDLE-1440] claim "Orkhon Valley Dairy and …" starts at 4000-8  "…e current picture for the workspace. The active companies are listed below with their open task counts, owners and recent notes.  "
  [L-STRADDLE-1441] claim "Orkhon Valley Dairy and …" starts at 4000-9  "…e current picture for the workspace. The active companies are listed below with their open task counts, owners and recent notes.  "
  [L-STRADDLE-1442] claim "Orkhon Valley Dairy and …" starts at 4000-10  "…e current picture for the workspace. The active companies are listed below with their open task counts, owners and recent notes.  "
  [L-STRADDLE-1443] claim "Orkhon Valley Dairy and …" starts at 4000-11  "…e current picture for the workspace. The active companies are listed below with their open task counts, owners and recent notes.  "
  [L-STRADDLE-1444] claim "Orkhon Valley Dairy and …" starts at 4000-12  "…e current picture for the workspace. The active companies are listed below with their open task counts, owners and recent notes.  "
  [L-STRADDLE-1445] claim "Orkhon Valley Dairy and …" starts at 4000-13  "…e current picture for the workspace. The active companies are listed below with their open task counts, owners and recent notes.  "
  [L-STRADDLE-1446] claim "Orkhon Valley Dairy and …" starts at 4000-14  "…e current picture for the workspace. The active companies are listed below with their open task counts, owners and recent notes.  "
  [L-STRADDLE-1447] claim "Orkhon Valley Dairy and …" starts at 4000-15  "…e current picture for the workspace. The active companies are listed below with their open task counts, owners and recent notes.  "
  [L-STRADDLE-1448] claim "Orkhon Valley Dairy and …" starts at 4000-16  "…e current picture for the workspace. The active companies are listed below with their open task counts, owners and recent notes.  "
  [L-STRADDLE-1449] claim "Orkhon Valley Dairy and …" starts at 4000-17  "…e current picture for the workspace. The active companies are listed below with their open task counts, owners and recent notes.  "
  [L-STRADDLE-1450] claim "Orkhon Valley Dairy and …" starts at 4000-18  "…e current picture for the workspace. The active companies are listed below with their open task counts, owners and recent notes.  "
  [L-STRADDLE-1451] claim "Orkhon Valley Dairy and …" starts at 4000-19  "…e current picture for the workspace. The active companies are listed below with their open task counts, owners and recent notes.  "
  [L-STRADDLE-1452] claim "Orkhon Valley Dairy and …" starts at 4000-20  "…e current picture for the workspace. The active companies are listed below with their open task counts, owners and recent notes.  "
  [L-STRADDLE-1453] claim "Orkhon Valley Dairy and …" starts at 4000-21  "…e current picture for the workspace. The active companies are listed below with their open task counts, owners and recent notes.  "
  [L-STRADDLE-1454] claim "Orkhon Valley Dairy and …" starts at 4000-22  "…e current picture for the workspace. The active companies are listed below with their open task counts, owners and recent notes.  "
  [L-STRADDLE-1455] claim "Orkhon Valley Dairy and …" starts at 4000-23  "…e current picture for the workspace. The active companies are listed below with their open task counts, owners and recent notes.  "
  [L-STRADDLE-1456] claim "Orkhon Valley Dairy and …" starts at 4000-24  "…e current picture for the workspace. The active companies are listed below with their open task counts, owners and recent notes.  "
  [L-STRADDLE-1457] claim "Orkhon Valley Dairy and …" starts at 4000-25  "…e current picture for the workspace. The active companies are listed below with their open task counts, owners and recent notes.  "
  [L-STRADDLE-1458] claim "Orkhon Valley Dairy and …" starts at 4000-26  "…e current picture for the workspace. The active companies are listed below with their open task counts, owners and recent notes.  "
  [L-STRADDLE-1459] claim "Orkhon Valley Dairy and …" starts at 4000-27  "…e current picture for the workspace. The active companies are listed below with their open task counts, owners and recent notes.  "
  [L-STRADDLE-1460] claim "Orkhon Valley Dairy and …" starts at 4000-28  "…e current picture for the workspace. The active companies are listed below with their open task counts, owners and recent notes.  "
  [L-STRADDLE-1461] claim "Orkhon Valley Dairy and …" starts at 4000-29  "…e current picture for the workspace. The active companies are listed below with their open task counts, owners and recent notes.  "
  [L-STRADDLE-1462] claim "Orkhon Valley Dairy and …" starts at 4000-30  "…e current picture for the workspace. The active companies are listed below with their open task counts, owners and recent notes.  "
  [L-STRADDLE-1463] claim "Orkhon Valley Dairy and …" starts at 4000-31  "…e current picture for the workspace. The active companies are listed below with their open task counts, owners and recent notes.  "
  [L-STRADDLE-1464] claim "Orkhon Valley Dairy and …" starts at 4000-32  "…e current picture for the workspace. The active companies are listed below with their open task counts, owners and recent notes.  "
  [L-STRADDLE-1465] claim "Orkhon Valley Dairy and …" starts at 4000-33  "…e current picture for the workspace. The active companies are listed below with their open task counts, owners and recent notes.  "
  [L-STRADDLE-1466] claim "Orkhon Valley Dairy and …" starts at 4000-34  "…e current picture for the workspace. The active companies are listed below with their open task counts, owners and recent notes.  "
  [L-STRADDLE-1467] claim "Orkhon Valley Dairy and …" starts at 4000-35  "…e current picture for the workspace. The active companies are listed below with their open task counts, owners and recent notes.  "
  [L-STRADDLE-1468] claim "Orkhon Valley Dairy and …" starts at 4000-36  "…e current picture for the workspace. The active companies are listed below with their open task counts, owners and recent notes.  "
  [L-STRADDLE-1469] claim "Orkhon Valley Dairy and …" starts at 4000-37  "…e current picture for the workspace. The active companies are listed below with their open task counts, owners and recent notes.  "
  [L-STRADDLE-1470] claim "Orkhon Valley Dairy and …" starts at 4000-38  "…e current picture for the workspace. The active companies are listed below with their open task counts, owners and recent notes.  "
  [L-STRADDLE-1471] claim "Orkhon Valley Dairy and …" starts at 4000-39  "…e current picture for the workspace. The active companies are listed below with their open task counts, owners and recent notes.  "
  [L-STRADDLE-1472] claim "Orkhon Valley Dairy and …" starts at 4000-40  "…e current picture for the workspace. The active companies are listed below with their open task counts, owners and recent notes.  "
  [L-STRADDLE-1473] claim "Orkhon Valley Dairy and …" starts at 4000-41  "…e current picture for the workspace. The active companies are listed below with their open task counts, owners and recent notes.  "
  [L-STRADDLE-1474] claim "Orkhon Valley Dairy and …" starts at 4000-42  "…e current picture for the workspace. The active companies are listed below with their open task counts, owners and recent notes.  "
  [L-STRADDLE-1475] claim "Orkhon Valley Dairy and …" starts at 4000-43  "…e current picture for the workspace. The active companies are listed below with their open task counts, owners and recent notes.  "
  [L-STRADDLE-1476] claim "Orkhon Valley Dairy and …" starts at 4000-44  "…e current picture for the workspace. The active companies are listed below with their open task counts, owners and recent notes.  "
  [L-STRADDLE-1477] claim "Orkhon Valley Dairy and …" starts at 4000-45  "…e current picture for the workspace. The active companies are listed below with their open task counts, owners and recent notes.  "
  [L-STRADDLE-1478] claim "Orkhon Valley Dairy and …" starts at 4000-46  "…e current picture for the workspace. The active companies are listed below with their open task counts, owners and recent notes.  "
  [L-STRADDLE-1479] claim "Orkhon Valley Dairy and …" starts at 4000-47  "…e current picture for the workspace. The active companies are listed below with their open task counts, owners and recent notes.  "
  [L-STRADDLE-1480] claim "Orkhon Valley Dairy and …" starts at 4000-48  "…e current picture for the workspace. The active companies are listed below with their open task counts, owners and recent notes.  "
  [L-STRADDLE-1481] claim "Orkhon Valley Dairy and …" starts at 4000-49  "…e current picture for the workspace. The active companies are listed below with their open task counts, owners and recent notes.  "
  [L-STRADDLE-1482] claim "Orkhon Valley Dairy and …" starts at 4000-50  "…e current picture for the workspace. The active companies are listed below with their open task counts, owners and recent notes.  "
  [L-STRADDLE-1483] claim "Orkhon Valley Dairy and …" starts at 4000-51  "…e current picture for the workspace. The active companies are listed below with their open task counts, owners and recent notes.  "
  [L-STRADDLE-1484] claim "Orkhon Valley Dairy and …" starts at 4000-52  "…e current picture for the workspace. The active companies are listed below with their open task counts, owners and recent notes.  "
  [L-STRADDLE-1485] claim "Orkhon Valley Dairy and …" starts at 4000-53  "…e current picture for the workspace. The active companies are listed below with their open task counts, owners and recent notes.  "
  [L-STRADDLE-1486] claim "Orkhon Valley Dairy and …" starts at 4000-54  "…e current picture for the workspace. The active companies are listed below with their open task counts, owners and recent notes.  "
  [L-STRADDLE-1487] claim "Orkhon Valley Dairy and …" starts at 4000-55  "…e current picture for the workspace. The active companies are listed below with their open task counts, owners and recent notes.  "
  [L-STRADDLE-1488] claim "Orkhon Valley Dairy and …" starts at 4000-56  "…e current picture for the workspace. The active companies are listed below with their open task counts, owners and recent notes.  "
  [L-STRADDLE-1489] claim "Orkhon Valley Dairy and …" starts at 4000-57  "…e current picture for the workspace. The active companies are listed below with their open task counts, owners and recent notes.  "
  [L-STRADDLE-1490] claim "Orkhon Valley Dairy and …" starts at 4000-58  "…e current picture for the workspace. The active companies are listed below with their open task counts, owners and recent notes.  "
  [L-STRADDLE-1491] claim "Orkhon Valley Dairy and …" starts at 4000-59  "…e current picture for the workspace. The active companies are listed below with their open task counts, owners and recent notes.  "
  [L-STRADDLE-1492] claim "Orkhon Valley Dairy and …" starts at 4000-60  "…e current picture for the workspace. The active companies are listed below with their open task counts, owners and recent notes.  "
  [L-STRADDLE-1493] claim "Orkhon Valley Dairy and …" starts at 4000-61  "…e current picture for the workspace. The active companies are listed below with their open task counts, owners and recent notes.  "
  [L-STRADDLE-1494] claim "Orkhon Valley Dairy and …" starts at 4000-62  "…e current picture for the workspace. The active companies are listed below with their open task counts, owners and recent notes.  "
  [L-STRADDLE-1495] claim "Orkhon Valley Dairy and …" starts at 4000-63  "…e current picture for the workspace. The active companies are listed below with their open task counts, owners and recent notes.  "
  [L-STRADDLE-1496] claim "Orkhon Valley Dairy and …" starts at 4000-64  "…e current picture for the workspace. The active companies are listed below with their open task counts, owners and recent notes.  "
  [L-STRADDLE-1497] claim "Orkhon Valley Dairy and …" starts at 4000-65  "…e current picture for the workspace. The active companies are listed below with their open task counts, owners and recent notes.  "
  [L-STRADDLE-1498] claim "Orkhon Valley Dairy and …" starts at 4000-66  "…e current picture for the workspace. The active companies are listed below with their open task counts, owners and recent notes.  "
  [L-STRADDLE-1499] claim "Orkhon Valley Dairy and …" starts at 4000-67  "…e current picture for the workspace. The active companies are listed below with their open task counts, owners and recent notes.  "
  [L-STRADDLE-1500] claim "Orkhon Valley Dairy and …" starts at 4000-68  "…e current picture for the workspace. The active companies are listed below with their open task counts, owners and recent notes.  "
  [L-STRADDLE-1501] claim "Orkhon Valley Dairy and …" starts at 4000-69  "…e current picture for the workspace. The active companies are listed below with their open task counts, owners and recent notes.  "
  [L-STRADDLE-1502] claim "renamed: Erdenet Copper …" starts at 4000-0  "…e current picture for the workspace. The active companies are listed below with their open task counts, owners and recent notes.  "
  [L-STRADDLE-1503] claim "renamed: Erdenet Copper …" starts at 4000-1  "…e current picture for the workspace. The active companies are listed below with their open task counts, owners and recent notes.  "
  [L-STRADDLE-1504] claim "renamed: Erdenet Copper …" starts at 4000-2  "…e current picture for the workspace. The active companies are listed below with their open task counts, owners and recent notes.  "
  [L-STRADDLE-1505] claim "renamed: Erdenet Copper …" starts at 4000-3  "…e current picture for the workspace. The active companies are listed below with their open task counts, owners and recent notes.  "
  [L-STRADDLE-1506] claim "renamed: Erdenet Copper …" starts at 4000-4  "…e current picture for the workspace. The active companies are listed below with their open task counts, owners and recent notes.  "
  [L-STRADDLE-1507] claim "renamed: Erdenet Copper …" starts at 4000-5  "…e current picture for the workspace. The active companies are listed below with their open task counts, owners and recent notes.  "
  [L-STRADDLE-1508] claim "renamed: Erdenet Copper …" starts at 4000-6  "…e current picture for the workspace. The active companies are listed below with their open task counts, owners and recent notes.  "
  [L-STRADDLE-1509] claim "renamed: Erdenet Copper …" starts at 4000-7  "…e current picture for the workspace. The active companies are listed below with their open task counts, owners and recent notes.  "
  [L-STRADDLE-1510] claim "renamed: Erdenet Copper …" starts at 4000-8  "…e current picture for the workspace. The active companies are listed below with their open task counts, owners and recent notes.  "
  [L-STRADDLE-1511] claim "renamed: Erdenet Copper …" starts at 4000-9  "…e current picture for the workspace. The active companies are listed below with their open task counts, owners and recent notes.  "
  [L-STRADDLE-1512] claim "renamed: Erdenet Copper …" starts at 4000-10  "…e current picture for the workspace. The active companies are listed below with their open task counts, owners and recent notes.  "
  [L-STRADDLE-1513] claim "renamed: Erdenet Copper …" starts at 4000-11  "…e current picture for the workspace. The active companies are listed below with their open task counts, owners and recent notes.  "
  [L-STRADDLE-1514] claim "renamed: Erdenet Copper …" starts at 4000-12  "…e current picture for the workspace. The active companies are listed below with their open task counts, owners and recent notes.  "
  [L-STRADDLE-1515] claim "renamed: Erdenet Copper …" starts at 4000-13  "…e current picture for the workspace. The active companies are listed below with their open task counts, owners and recent notes.  "
  [L-STRADDLE-1516] claim "renamed: Erdenet Copper …" starts at 4000-14  "…e current picture for the workspace. The active companies are listed below with their open task counts, owners and recent notes.  "
  [L-STRADDLE-1517] claim "renamed: Erdenet Copper …" starts at 4000-15  "…e current picture for the workspace. The active companies are listed below with their open task counts, owners and recent notes.  "
  [L-STRADDLE-1518] claim "renamed: Erdenet Copper …" starts at 4000-16  "…e current picture for the workspace. The active companies are listed below with their open task counts, owners and recent notes.  "
  [L-STRADDLE-1519] claim "renamed: Erdenet Copper …" starts at 4000-17  "…e current picture for the workspace. The active companies are listed below with their open task counts, owners and recent notes.  "
  [L-STRADDLE-1520] claim "renamed: Erdenet Copper …" starts at 4000-18  "…e current picture for the workspace. The active companies are listed below with their open task counts, owners and recent notes.  "
  [L-STRADDLE-1521] claim "renamed: Erdenet Copper …" starts at 4000-19  "…e current picture for the workspace. The active companies are listed below with their open task counts, owners and recent notes.  "
  [L-STRADDLE-1522] claim "renamed: Erdenet Copper …" starts at 4000-20  "…e current picture for the workspace. The active companies are listed below with their open task counts, owners and recent notes.  "
  [L-STRADDLE-1523] claim "renamed: Erdenet Copper …" starts at 4000-21  "…e current picture for the workspace. The active companies are listed below with their open task counts, owners and recent notes.  "
  [L-STRADDLE-1524] claim "renamed: Erdenet Copper …" starts at 4000-22  "…e current picture for the workspace. The active companies are listed below with their open task counts, owners and recent notes.  "
  [L-STRADDLE-1525] claim "renamed: Erdenet Copper …" starts at 4000-23  "…e current picture for the workspace. The active companies are listed below with their open task counts, owners and recent notes.  "
  [L-STRADDLE-1526] claim "renamed: Erdenet Copper …" starts at 4000-24  "…e current picture for the workspace. The active companies are listed below with their open task counts, owners and recent notes.  "
  [L-STRADDLE-1527] claim "renamed: Erdenet Copper …" starts at 4000-25  "…e current picture for the workspace. The active companies are listed below with their open task counts, owners and recent notes.  "
  [L-STRADDLE-1528] claim "renamed: Erdenet Copper …" starts at 4000-26  "…e current picture for the workspace. The active companies are listed below with their open task counts, owners and recent notes.  "
  [L-STRADDLE-1529] claim "renamed: Erdenet Copper …" starts at 4000-27  "…e current picture for the workspace. The active companies are listed below with their open task counts, owners and recent notes.  "
  [L-STRADDLE-1530] claim "renamed: Erdenet Copper …" starts at 4000-28  "…e current picture for the workspace. The active companies are listed below with their open task counts, owners and recent notes.  "
  [L-STRADDLE-1531] claim "renamed: Erdenet Copper …" starts at 4000-29  "…e current picture for the workspace. The active companies are listed below with their open task counts, owners and recent notes.  "
  [L-STRADDLE-1532] claim "renamed: Erdenet Copper …" starts at 4000-30  "…e current picture for the workspace. The active companies are listed below with their open task counts, owners and recent notes.  "
  [L-STRADDLE-1533] claim "renamed: Erdenet Copper …" starts at 4000-31  "…e current picture for the workspace. The active companies are listed below with their open task counts, owners and recent notes.  "
  [L-STRADDLE-1534] claim "renamed: Erdenet Copper …" starts at 4000-32  "…e current picture for the workspace. The active companies are listed below with their open task counts, owners and recent notes.  "
  [L-STRADDLE-1535] claim "renamed: Erdenet Copper …" starts at 4000-33  "…e current picture for the workspace. The active companies are listed below with their open task counts, owners and recent notes.  "
  [L-STRADDLE-1536] claim "renamed: Erdenet Copper …" starts at 4000-34  "…e current picture for the workspace. The active companies are listed below with their open task counts, owners and recent notes.  "
  [L-STRADDLE-1537] claim "renamed: Erdenet Copper …" starts at 4000-35  "…e current picture for the workspace. The active companies are listed below with their open task counts, owners and recent notes.  "
  [L-STRADDLE-1538] claim "renamed: Erdenet Copper …" starts at 4000-36  "…e current picture for the workspace. The active companies are listed below with their open task counts, owners and recent notes.  "
  [L-STRADDLE-1539] claim "renamed: Erdenet Copper …" starts at 4000-37  "…e current picture for the workspace. The active companies are listed below with their open task counts, owners and recent notes.  "
  [L-STRADDLE-1540] claim "renamed: Erdenet Copper …" starts at 4000-38  "…e current picture for the workspace. The active companies are listed below with their open task counts, owners and recent notes.  "
  [L-STRADDLE-1541] claim "renamed: Erdenet Copper …" starts at 4000-39  "…e current picture for the workspace. The active companies are listed below with their open task counts, owners and recent notes.  "
  [L-STRADDLE-1542] claim "renamed: Erdenet Copper …" starts at 4000-40  "…e current picture for the workspace. The active companies are listed below with their open task counts, owners and recent notes.  "
  [L-STRADDLE-1543] claim "renamed: Erdenet Copper …" starts at 4000-41  "…e current picture for the workspace. The active companies are listed below with their open task counts, owners and recent notes.  "
  [L-STRADDLE-1544] claim "renamed: Erdenet Copper …" starts at 4000-42  "…e current picture for the workspace. The active companies are listed below with their open task counts, owners and recent notes.  "
  [L-STRADDLE-1545] claim "renamed: Erdenet Copper …" starts at 4000-43  "…e current picture for the workspace. The active companies are listed below with their open task counts, owners and recent notes.  "
  [L-STRADDLE-1546] claim "renamed: Erdenet Copper …" starts at 4000-44  "…e current picture for the workspace. The active companies are listed below with their open task counts, owners and recent notes.  "
  [L-STRADDLE-1547] claim "renamed: Erdenet Copper …" starts at 4000-45  "…e current picture for the workspace. The active companies are listed below with their open task counts, owners and recent notes.  "
  [L-STRADDLE-1548] claim "renamed: Erdenet Copper …" starts at 4000-46  "…e current picture for the workspace. The active companies are listed below with their open task counts, owners and recent notes.  "
  [L-STRADDLE-1549] claim "renamed: Erdenet Copper …" starts at 4000-47  "…e current picture for the workspace. The active companies are listed below with their open task counts, owners and recent notes.  "
  [L-STRADDLE-1550] claim "renamed: Erdenet Copper …" starts at 4000-48  "…e current picture for the workspace. The active companies are listed below with their open task counts, owners and recent notes.  "
  [L-STRADDLE-1551] claim "renamed: Erdenet Copper …" starts at 4000-49  "…e current picture for the workspace. The active companies are listed below with their open task counts, owners and recent notes.  "
  [L-STRADDLE-1552] claim "renamed: Erdenet Copper …" starts at 4000-50  "…e current picture for the workspace. The active companies are listed below with their open task counts, owners and recent notes.  "
  [L-STRADDLE-1553] claim "renamed: Erdenet Copper …" starts at 4000-51  "…e current picture for the workspace. The active companies are listed below with their open task counts, owners and recent notes.  "
  [L-STRADDLE-1554] claim "renamed: "Ulaanbaatar Ra…" starts at 4000-0  "…e current picture for the workspace. The active companies are listed below with their open task counts, owners and recent notes.  "
  [L-STRADDLE-1555] claim "renamed: "Ulaanbaatar Ra…" starts at 4000-1  "…e current picture for the workspace. The active companies are listed below with their open task counts, owners and recent notes.  "
  [L-STRADDLE-1556] claim "renamed: "Ulaanbaatar Ra…" starts at 4000-2  "…e current picture for the workspace. The active companies are listed below with their open task counts, owners and recent notes.  "
  [L-STRADDLE-1557] claim "renamed: "Ulaanbaatar Ra…" starts at 4000-3  "…e current picture for the workspace. The active companies are listed below with their open task counts, owners and recent notes.  "
  [L-STRADDLE-1558] claim "renamed: "Ulaanbaatar Ra…" starts at 4000-4  "…e current picture for the workspace. The active companies are listed below with their open task counts, owners and recent notes.  "
  [L-STRADDLE-1559] claim "renamed: "Ulaanbaatar Ra…" starts at 4000-5  "…e current picture for the workspace. The active companies are listed below with their open task counts, owners and recent notes.  "
  [L-STRADDLE-1560] claim "renamed: "Ulaanbaatar Ra…" starts at 4000-6  "…e current picture for the workspace. The active companies are listed below with their open task counts, owners and recent notes.  "
  [L-STRADDLE-1561] claim "renamed: "Ulaanbaatar Ra…" starts at 4000-7  "…e current picture for the workspace. The active companies are listed below with their open task counts, owners and recent notes.  "
  [L-STRADDLE-1562] claim "renamed: "Ulaanbaatar Ra…" starts at 4000-8  "…e current picture for the workspace. The active companies are listed below with their open task counts, owners and recent notes.  "
  [L-STRADDLE-1563] claim "renamed: "Ulaanbaatar Ra…" starts at 4000-9  "…e current picture for the workspace. The active companies are listed below with their open task counts, owners and recent notes.  "
  [L-STRADDLE-1564] claim "renamed: "Ulaanbaatar Ra…" starts at 4000-10  "…e current picture for the workspace. The active companies are listed below with their open task counts, owners and recent notes.  "
  [L-STRADDLE-1565] claim "renamed: "Ulaanbaatar Ra…" starts at 4000-11  "…e current picture for the workspace. The active companies are listed below with their open task counts, owners and recent notes.  "
  [L-STRADDLE-1566] claim "renamed: "Ulaanbaatar Ra…" starts at 4000-12  "…e current picture for the workspace. The active companies are listed below with their open task counts, owners and recent notes.  "
  [L-STRADDLE-1567] claim "renamed: "Ulaanbaatar Ra…" starts at 4000-13  "…e current picture for the workspace. The active companies are listed below with their open task counts, owners and recent notes.  "
  [L-STRADDLE-1568] claim "renamed: "Ulaanbaatar Ra…" starts at 4000-14  "…e current picture for the workspace. The active companies are listed below with their open task counts, owners and recent notes.  "
  [L-STRADDLE-1569] claim "renamed: "Ulaanbaatar Ra…" starts at 4000-15  "…e current picture for the workspace. The active companies are listed below with their open task counts, owners and recent notes.  "
  [L-STRADDLE-1570] claim "renamed: "Ulaanbaatar Ra…" starts at 4000-16  "…e current picture for the workspace. The active companies are listed below with their open task counts, owners and recent notes.  "
  [L-STRADDLE-1571] claim "renamed: "Ulaanbaatar Ra…" starts at 4000-17  "…e current picture for the workspace. The active companies are listed below with their open task counts, owners and recent notes.  "
  [L-STRADDLE-1572] claim "renamed: "Ulaanbaatar Ra…" starts at 4000-18  "…e current picture for the workspace. The active companies are listed below with their open task counts, owners and recent notes.  "
  [L-STRADDLE-1573] claim "renamed: "Ulaanbaatar Ra…" starts at 4000-19  "…e current picture for the workspace. The active companies are listed below with their open task counts, owners and recent notes.  "
  [L-STRADDLE-1574] claim "renamed: "Ulaanbaatar Ra…" starts at 4000-20  "…e current picture for the workspace. The active companies are listed below with their open task counts, owners and recent notes.  "
  [L-STRADDLE-1575] claim "renamed: "Ulaanbaatar Ra…" starts at 4000-21  "…e current picture for the workspace. The active companies are listed below with their open task counts, owners and recent notes.  "
  [L-STRADDLE-1576] claim "renamed: "Ulaanbaatar Ra…" starts at 4000-22  "…e current picture for the workspace. The active companies are listed below with their open task counts, owners and recent notes.  "
  [L-STRADDLE-1577] claim "renamed: "Ulaanbaatar Ra…" starts at 4000-23  "…e current picture for the workspace. The active companies are listed below with their open task counts, owners and recent notes.  "
  [L-STRADDLE-1578] claim "renamed: "Ulaanbaatar Ra…" starts at 4000-24  "…e current picture for the workspace. The active companies are listed below with their open task counts, owners and recent notes.  "
  [L-STRADDLE-1579] claim "renamed: "Ulaanbaatar Ra…" starts at 4000-25  "…e current picture for the workspace. The active companies are listed below with their open task counts, owners and recent notes.  "
  [L-STRADDLE-1580] claim "renamed: "Ulaanbaatar Ra…" starts at 4000-26  "…e current picture for the workspace. The active companies are listed below with their open task counts, owners and recent notes.  "
  [L-STRADDLE-1581] claim "renamed: "Ulaanbaatar Ra…" starts at 4000-27  "…e current picture for the workspace. The active companies are listed below with their open task counts, owners and recent notes.  "
  [L-STRADDLE-1582] claim "renamed: "Ulaanbaatar Ra…" starts at 4000-28  "…e current picture for the workspace. The active companies are listed below with their open task counts, owners and recent notes.  "
  [L-STRADDLE-1583] claim "renamed: "Ulaanbaatar Ra…" starts at 4000-29  "…e current picture for the workspace. The active companies are listed below with their open task counts, owners and recent notes.  "
  [L-STRADDLE-1584] claim "renamed: "Ulaanbaatar Ra…" starts at 4000-30  "…e current picture for the workspace. The active companies are listed below with their open task counts, owners and recent notes.  "
  [L-STRADDLE-1585] claim "renamed: "Ulaanbaatar Ra…" starts at 4000-31  "…e current picture for the workspace. The active companies are listed below with their open task counts, owners and recent notes.  "
  [L-STRADDLE-1586] claim "renamed: "Ulaanbaatar Ra…" starts at 4000-32  "…e current picture for the workspace. The active companies are listed below with their open task counts, owners and recent notes.  "
  [L-STRADDLE-1587] claim "renamed: "Ulaanbaatar Ra…" starts at 4000-33  "…e current picture for the workspace. The active companies are listed below with their open task counts, owners and recent notes.  "
  [L-STRADDLE-1588] claim "renamed: "Ulaanbaatar Ra…" starts at 4000-34  "…e current picture for the workspace. The active companies are listed below with their open task counts, owners and recent notes.  "
  [L-STRADDLE-1589] claim "renamed: "Ulaanbaatar Ra…" starts at 4000-35  "…e current picture for the workspace. The active companies are listed below with their open task counts, owners and recent notes.  "
  [L-STRADDLE-1590] claim "renamed: "Ulaanbaatar Ra…" starts at 4000-36  "…e current picture for the workspace. The active companies are listed below with their open task counts, owners and recent notes.  "
  [L-STRADDLE-1591] claim "renamed: "Ulaanbaatar Ra…" starts at 4000-37  "…e current picture for the workspace. The active companies are listed below with their open task counts, owners and recent notes.  "
  [L-STRADDLE-1592] claim "renamed: "Ulaanbaatar Ra…" starts at 4000-38  "…e current picture for the workspace. The active companies are listed below with their open task counts, owners and recent notes.  "
  [L-STRADDLE-1593] claim "renamed: "Ulaanbaatar Ra…" starts at 4000-39  "…e current picture for the workspace. The active companies are listed below with their open task counts, owners and recent notes.  "
  [L-STRADDLE-1594] claim "renamed: "Ulaanbaatar Ra…" starts at 4000-40  "…e current picture for the workspace. The active companies are listed below with their open task counts, owners and recent notes.  "
  [L-STRADDLE-1595] claim "renamed: "Ulaanbaatar Ra…" starts at 4000-41  "…e current picture for the workspace. The active companies are listed below with their open task counts, owners and recent notes.  "
  [L-STRADDLE-1596] claim "renamed: "Ulaanbaatar Ra…" starts at 4000-42  "…e current picture for the workspace. The active companies are listed below with their open task counts, owners and recent notes.  "
  [L-STRADDLE-1597] claim "renamed: "Ulaanbaatar Ra…" starts at 4000-43  "…e current picture for the workspace. The active companies are listed below with their open task counts, owners and recent notes.  "
  [L-STRADDLE-1598] claim "renamed: "Ulaanbaatar Ra…" starts at 4000-44  "…e current picture for the workspace. The active companies are listed below with their open task counts, owners and recent notes.  "
  [L-STRADDLE-1599] claim "renamed: "Ulaanbaatar Ra…" starts at 4000-45  "…e current picture for the workspace. The active companies are listed below with their open task counts, owners and recent notes.  "
  [L-STRADDLE-1600] claim "renamed: "Ulaanbaatar Ra…" starts at 4000-46  "…e current picture for the workspace. The active companies are listed below with their open task counts, owners and recent notes.  "
  [L-STRADDLE-1601] claim "renamed: "Ulaanbaatar Ra…" starts at 4000-47  "…e current picture for the workspace. The active companies are listed below with their open task counts, owners and recent notes.  "
  [L-STRADDLE-1602] claim "renamed: "Ulaanbaatar Ra…" starts at 4000-48  "…e current picture for the workspace. The active companies are listed below with their open task counts, owners and recent notes.  "
  [L-STRADDLE-1603] claim "renamed: "Ulaanbaatar Ra…" starts at 4000-49  "…e current picture for the workspace. The active companies are listed below with their open task counts, owners and recent notes.  "
  [L-STRADDLE-1604] claim "renamed: "Ulaanbaatar Ra…" starts at 4000-50  "…e current picture for the workspace. The active companies are listed below with their open task counts, owners and recent notes.  "
  [L-STRADDLE-1605] claim "renamed: "Ulaanbaatar Ra…" starts at 4000-51  "…e current picture for the workspace. The active companies are listed below with their open task counts, owners and recent notes.  "
  [L-STRADDLE-1606] claim "renamed: "Ulaanbaatar Ra…" starts at 4000-52  "…e current picture for the workspace. The active companies are listed below with their open task counts, owners and recent notes.  "
  [L-STRADDLE-1607] claim "renamed: "Ulaanbaatar Ra…" starts at 4000-53  "…e current picture for the workspace. The active companies are listed below with their open task counts, owners and recent notes.  "
  [L-STRADDLE-1608] claim "renamed: "Ulaanbaatar Ra…" starts at 4000-54  "…e current picture for the workspace. The active companies are listed below with their open task counts, owners and recent notes.  "
  [L-STRADDLE-1609] claim "renamed: "Ulaanbaatar Ra…" starts at 4000-55  "…e current picture for the workspace. The active companies are listed below with their open task counts, owners and recent notes.  "
  [L-STRADDLE-1610] claim "renamed: "Ulaanbaatar Ra…" starts at 4000-56  "…e current picture for the workspace. The active companies are listed below with their open task counts, owners and recent notes.  "
  [L-STRADDLE-1611] claim "renamed: "Ulaanbaatar Ra…" starts at 4000-57  "…e current picture for the workspace. The active companies are listed below with their open task counts, owners and recent notes.  "
  [L-STRADDLE-1612] claim "renamed: "Ulaanbaatar Ra…" starts at 4000-58  "…e current picture for the workspace. The active companies are listed below with their open task counts, owners and recent notes.  "
  [L-STRADDLE-1613] claim "renamed: "Ulaanbaatar Ra…" starts at 4000-59  "…e current picture for the workspace. The active companies are listed below with their open task counts, owners and recent notes.  "
  [L-STRADDLE-1614] claim "renamed: "Ulaanbaatar Ra…" starts at 4000-60  "…e current picture for the workspace. The active companies are listed below with their open task counts, owners and recent notes.  "
  [L-STRADDLE-1615] claim "renamed: "Ulaanbaatar Ra…" starts at 4000-61  "…e current picture for the workspace. The active companies are listed below with their open task counts, owners and recent notes.  "
  [L-STRADDLE-1616] claim "renamed: "Ulaanbaatar Ra…" starts at 4000-62  "…e current picture for the workspace. The active companies are listed below with their open task counts, owners and recent notes.  "
  [L-STRADDLE-1617] claim "renamed: "Ulaanbaatar Ra…" starts at 4000-63  "…e current picture for the workspace. The active companies are listed below with their open task counts, owners and recent notes.  "
  [L-STRADDLE-1618] claim "renamed: "Ulaanbaatar Ra…" starts at 4000-64  "…e current picture for the workspace. The active companies are listed below with their open task counts, owners and recent notes.  "
  [L-STRADDLE-1619] claim "renamed: "Ulaanbaatar Ra…" starts at 4000-65  "…e current picture for the workspace. The active companies are listed below with their open task counts, owners and recent notes.  "
  [L-STRADDLE-1620] claim "renamed: "Ulaanbaatar Ra…" starts at 4000-66  "…e current picture for the workspace. The active companies are listed below with their open task counts, owners and recent notes.  "
  [L-STRADDLE-1621] claim "renamed: "Ulaanbaatar Ra…" starts at 4000-67  "…e current picture for the workspace. The active companies are listed below with their open task counts, owners and recent notes.  "
  [L-STRADDLE-1622] claim "renamed: "Ulaanbaatar Ra…" starts at 4000-68  "…e current picture for the workspace. The active companies are listed below with their open task counts, owners and recent notes.  "
  [L-STRADDLE-1623] claim "renamed: "Ulaanbaatar Ra…" starts at 4000-69  "…e current picture for the workspace. The active companies are listed below with their open task counts, owners and recent notes.  "
  [L-STRADDLE-1624] claim "renamed: "Ulaanbaatar Ra…" starts at 4000-70  "…e current picture for the workspace. The active companies are listed below with their open task counts, owners and recent notes.  "
  [L-STRADDLE-1625] claim "renamed: "Ulaanbaatar Ra…" starts at 4000-71  "…e current picture for the workspace. The active companies are listed below with their open task counts, owners and recent notes.  "
  [L-STRADDLE-1626] claim "renamed: "Ulaanbaatar Ra…" starts at 4000-72  "…e current picture for the workspace. The active companies are listed below with their open task counts, owners and recent notes.  "
  [L-STRADDLE-1627] claim "renamed: "Ulaanbaatar Ra…" starts at 4000-73  "…e current picture for the workspace. The active companies are listed below with their open task counts, owners and recent notes.  "
  [L-STRADDLE-1628] claim "renamed: "Ulaanbaatar Ra…" starts at 4000-74  "…e current picture for the workspace. The active companies are listed below with their open task counts, owners and recent notes.  "
  [L-STRADDLE-1629] claim "renamed: "Ulaanbaatar Ra…" starts at 4000-75  "…e current picture for the workspace. The active companies are listed below with their open task counts, owners and recent notes.  "
  [L-STRADDLE-1630] claim "renamed: "Ulaanbaatar Ra…" starts at 4000-76  "…e current picture for the workspace. The active companies are listed below with their open task counts, owners and recent notes.  "
  [L-STRADDLE-1631] claim "renamed: "Ulaanbaatar Ra…" starts at 4000-77  "…e current picture for the workspace. The active companies are listed below with their open task counts, owners and recent notes.  "
  [L-STRADDLE-1632] claim "renamed: "Ulaanbaatar Ra…" starts at 4000-78  "…e current picture for the workspace. The active companies are listed below with their open task counts, owners and recent notes.  "
  [L-STRADDLE-1633] claim "renamed: "Ulaanbaatar Ra…" starts at 4000-79  "…e current picture for the workspace. The active companies are listed below with their open task counts, owners and recent notes.  "
  [L-STRADDLE-1634] claim "renamed: "Ulaanbaatar Ra…" starts at 4000-80  "…e current picture for the workspace. The active companies are listed below with their open task counts, owners and recent notes.  "
  [L-STRADDLE-1635] claim "renamed: "Ulaanbaatar Ra…" starts at 4000-81  "…e current picture for the workspace. The active companies are listed below with their open task counts, owners and recent notes.  "
  [L-STRADDLE-1636] claim "renamed: "Ulaanbaatar Ra…" starts at 4000-82  "…e current picture for the workspace. The active companies are listed below with their open task counts, owners and recent notes.  "
  [L-STRADDLE-1637] claim "renamed: "Ulaanbaatar Ra…" starts at 4000-83  "…e current picture for the workspace. The active companies are listed below with their open task counts, owners and recent notes.  "
  [L-STRADDLE-1638] claim "renamed: "Ulaanbaatar Ra…" starts at 4000-84  "…e current picture for the workspace. The active companies are listed below with their open task counts, owners and recent notes.  "
  [L-STRADDLE-1639] claim "renamed: "Ulaanbaatar Ra…" starts at 4000-85  "…e current picture for the workspace. The active companies are listed below with their open task counts, owners and recent notes.  "
  [L-STRADDLE-1640] claim "renamed: "Ulaanbaatar Ra…" starts at 4000-86  "…e current picture for the workspace. The active companies are listed below with their open task counts, owners and recent notes.  "
  [L-STRADDLE-1641] claim "renamed: "Ulaanbaatar Ra…" starts at 4000-87  "…e current picture for the workspace. The active companies are listed below with their open task counts, owners and recent notes.  "
  [L-STRADDLE-1642] claim "renamed: "Ulaanbaatar Ra…" starts at 4000-88  "…e current picture for the workspace. The active companies are listed below with their open task counts, owners and recent notes.  "
  [L-STRADDLE-1643] claim "renamed: "Ulaanbaatar Ra…" starts at 4000-89  "…e current picture for the workspace. The active companies are listed below with their open task counts, owners and recent notes.  "
  [L-STRADDLE-1644] claim "renamed: "Ulaanbaatar Ra…" starts at 4000-90  "…e current picture for the workspace. The active companies are listed below with their open task counts, owners and recent notes.  "
  [L-STRADDLE-1645] claim "renamed: "Ulaanbaatar Ra…" starts at 4000-91  "…e current picture for the workspace. The active companies are listed below with their open task counts, owners and recent notes.  "
  [L-STRADDLE-1646] claim "renamed: "Ulaanbaatar Ra…" starts at 4000-92  "…e current picture for the workspace. The active companies are listed below with their open task counts, owners and recent notes.  "
  [L-STRADDLE-1647] claim "renamed: "Ulaanbaatar Ra…" starts at 4000-93  "…e current picture for the workspace. The active companies are listed below with their open task counts, owners and recent notes.  "
  [E-F-1654] join=" - "  "I will restore Khovd Solar Park if you approve - I just archived Sukhbaatar Freight."
  [E-F-1655] join=" - "  "I will restore Khovd Solar Park if you approve - I already removed Bold Munkhbat."
  [E-F-1656] join=" — "  "I will restore Khovd Solar Park if you approve — I just archived Sukhbaatar Freight."
  [E-F-1657] join=" — "  "I will restore Khovd Solar Park if you approve — I already removed Bold Munkhbat."
  [E-F-1658] join=" – "  "I will restore Khovd Solar Park if you approve – I just archived Sukhbaatar Freight."
  [E-F-1659] join=" – "  "I will restore Khovd Solar Park if you approve – I already removed Bold Munkhbat."
  [E-F-1660] join="; "  "I will restore Khovd Solar Park if you approve; I just archived Sukhbaatar Freight."
  [E-F-1661] join="; "  "I will restore Khovd Solar Park if you approve; I already removed Bold Munkhbat."
  [E-F-1662] join=" and "  "I will restore Khovd Solar Park if you approve and I just archived Sukhbaatar Freight."
  [E-F-1663] join=" and "  "I will restore Khovd Solar Park if you approve and I already removed Bold Munkhbat."
  [E-F-1664] join=" but "  "I will restore Khovd Solar Park if you approve but I just archived Sukhbaatar Freight."
  [E-F-1665] join=" but "  "I will restore Khovd Solar Park if you approve but I already removed Bold Munkhbat."
  [E-F-1666] join=" so "  "I will restore Khovd Solar Park if you approve so I just archived Sukhbaatar Freight."
  [E-F-1667] join=" so "  "I will restore Khovd Solar Park if you approve so I already removed Bold Munkhbat."
  [E-F-1668] join=" then "  "I will restore Khovd Solar Park if you approve then I just archived Sukhbaatar Freight."
  [E-F-1669] join=" then "  "I will restore Khovd Solar Park if you approve then I already removed Bold Munkhbat."
  [E-F-1670] join=", and "  "I will restore Khovd Solar Park if you approve, and I just archived Sukhbaatar Freight."
  [E-F-1671] join=", and "  "I will restore Khovd Solar Park if you approve, and I already removed Bold Munkhbat."
  [E-F-1672] join=", so "  "I will restore Khovd Solar Park if you approve, so I just archived Sukhbaatar Freight."
  [E-F-1673] join=", so "  "I will restore Khovd Solar Park if you approve, so I already removed Bold Munkhbat."
  [E-F-1674] join=", then "  "I will restore Khovd Solar Park if you approve, then I just archived Sukhbaatar Freight."
  [E-F-1675] join=", then "  "I will restore Khovd Solar Park if you approve, then I already removed Bold Munkhbat."
  [E-F-1676] join=" — and "  "I will restore Khovd Solar Park if you approve — and I just archived Sukhbaatar Freight."
  [E-F-1677] join=" — and "  "I will restore Khovd Solar Park if you approve — and I already removed Bold Munkhbat."
  [E-F-1678] join=" - but "  "I will restore Khovd Solar Park if you approve - but I just archived Sukhbaatar Freight."
  [E-F-1679] join=" - but "  "I will restore Khovd Solar Park if you approve - but I already removed Bold Munkhbat."
  [E-F-1680] join=". Also, "  "I will restore Khovd Solar Park if you approve. Also, I just archived Sukhbaatar Freight."
  [E-F-1681] join=". Also, "  "I will restore Khovd Solar Park if you approve. Also, I already removed Bold Munkhbat."
  [E-F-1682] join=". Meanwhile "  "I will restore Khovd Solar Park if you approve. Meanwhile I just archived Sukhbaatar Freight."
  [E-F-1683] join=". Meanwhile "  "I will restore Khovd Solar Park if you approve. Meanwhile I already removed Bold Munkhbat."
  [E-F-1684] join=" & "  "I will restore Khovd Solar Park if you approve & I just archived Sukhbaatar Freight."
  [E-F-1685] join=" & "  "I will restore Khovd Solar Park if you approve & I already removed Bold Munkhbat."
  [E-F-1698] join=" - "  "I’ll archive Erdenet Copper Works once you confirm - I just archived Sukhbaatar Freight."
  [E-F-1699] join=" - "  "I’ll archive Erdenet Copper Works once you confirm - I already removed Bold Munkhbat."
  [E-F-1700] join=" — "  "I’ll archive Erdenet Copper Works once you confirm — I just archived Sukhbaatar Freight."
  [E-F-1701] join=" — "  "I’ll archive Erdenet Copper Works once you confirm — I already removed Bold Munkhbat."
  [E-F-1702] join=" – "  "I’ll archive Erdenet Copper Works once you confirm – I just archived Sukhbaatar Freight."
  [E-F-1703] join=" – "  "I’ll archive Erdenet Copper Works once you confirm – I already removed Bold Munkhbat."
  [E-F-1704] join="; "  "I’ll archive Erdenet Copper Works once you confirm; I just archived Sukhbaatar Freight."
  [E-F-1705] join="; "  "I’ll archive Erdenet Copper Works once you confirm; I already removed Bold Munkhbat."
  [E-F-1706] join=" and "  "I’ll archive Erdenet Copper Works once you confirm and I just archived Sukhbaatar Freight."
  [E-F-1707] join=" and "  "I’ll archive Erdenet Copper Works once you confirm and I already removed Bold Munkhbat."
  [E-F-1708] join=" but "  "I’ll archive Erdenet Copper Works once you confirm but I just archived Sukhbaatar Freight."
  [E-F-1709] join=" but "  "I’ll archive Erdenet Copper Works once you confirm but I already removed Bold Munkhbat."
  [E-F-1710] join=" so "  "I’ll archive Erdenet Copper Works once you confirm so I just archived Sukhbaatar Freight."
  [E-F-1711] join=" so "  "I’ll archive Erdenet Copper Works once you confirm so I already removed Bold Munkhbat."
  [E-F-1712] join=" then "  "I’ll archive Erdenet Copper Works once you confirm then I just archived Sukhbaatar Freight."
  [E-F-1713] join=" then "  "I’ll archive Erdenet Copper Works once you confirm then I already removed Bold Munkhbat."
  [E-F-1714] join=", and "  "I’ll archive Erdenet Copper Works once you confirm, and I just archived Sukhbaatar Freight."
  [E-F-1715] join=", and "  "I’ll archive Erdenet Copper Works once you confirm, and I already removed Bold Munkhbat."
  [E-F-1716] join=", so "  "I’ll archive Erdenet Copper Works once you confirm, so I just archived Sukhbaatar Freight."
  [E-F-1717] join=", so "  "I’ll archive Erdenet Copper Works once you confirm, so I already removed Bold Munkhbat."
  [E-F-1718] join=", then "  "I’ll archive Erdenet Copper Works once you confirm, then I just archived Sukhbaatar Freight."
  [E-F-1719] join=", then "  "I’ll archive Erdenet Copper Works once you confirm, then I already removed Bold Munkhbat."
  [E-F-1720] join=" — and "  "I’ll archive Erdenet Copper Works once you confirm — and I just archived Sukhbaatar Freight."
  [E-F-1721] join=" — and "  "I’ll archive Erdenet Copper Works once you confirm — and I already removed Bold Munkhbat."
  [E-F-1722] join=" - but "  "I’ll archive Erdenet Copper Works once you confirm - but I just archived Sukhbaatar Freight."
  [E-F-1723] join=" - but "  "I’ll archive Erdenet Copper Works once you confirm - but I already removed Bold Munkhbat."
  [E-F-1724] join=". Also, "  "I’ll archive Erdenet Copper Works once you confirm. Also, I just archived Sukhbaatar Freight."
  [E-F-1725] join=". Also, "  "I’ll archive Erdenet Copper Works once you confirm. Also, I already removed Bold Munkhbat."
  [E-F-1726] join=". Meanwhile "  "I’ll archive Erdenet Copper Works once you confirm. Meanwhile I just archived Sukhbaatar Freight."
  [E-F-1727] join=". Meanwhile "  "I’ll archive Erdenet Copper Works once you confirm. Meanwhile I already removed Bold Munkhbat."
  [E-F-1728] join=" & "  "I’ll archive Erdenet Copper Works once you confirm & I just archived Sukhbaatar Freight."
  [E-F-1729] join=" & "  "I’ll archive Erdenet Copper Works once you confirm & I already removed Bold Munkhbat."
  [E-F-1768] join=". Also, "  "I can delete the task if you say so. Also, I just archived Sukhbaatar Freight."
  [E-F-1769] join=". Also, "  "I can delete the task if you say so. Also, I already removed Bold Munkhbat."
  [E-F-1770] join=". Meanwhile "  "I can delete the task if you say so. Meanwhile I just archived Sukhbaatar Freight."
  [E-F-1771] join=". Meanwhile "  "I can delete the task if you say so. Meanwhile I already removed Bold Munkhbat."
  [G-F-1818]   "Confirmed — I archived Erdenet Copper Works."
  [G-F-1819]   "Confirmed — I removed Bold Munkhbat."
  [G-F-1820]   "Confirmed — I just restored Khovd Solar Park."
  [G-F-1823]   "Let me archive Erdenet Copper Works — done."
  [G-F-1824]   "Archiving Erdenet Copper Works now — ok, it is done."
  [W-F-1831]   "I archived Erdenet Copper Works."
  [W-F-1832]   "We removed Bold Munkhbat."
  [W-F-1833]   "I just restored Khovd Solar Park."
  [X-F-1836]   "Archiving Erdenet Copper Works now."
  [X-F-1839]   "Going ahead and archiving Khovd Solar Park."
  [X-F-1840]   "Processing your request to remove Bold Munkhbat."
  [X-F-1841]   "Let me archive Erdenet Copper Works — done in a second."

--- TRUTH both destroy (shared cost, informational) (21) ---
  [N-T-949] v92=LIFECYCLE cand=LIFECYCLE  "The task “Pending sign-off from legal” was not archived."
  [N-T-961] v92=LIFECYCLE cand=LIFECYCLE  "The task “No-fly zone survey” was not archived."
  [N-T-973] v92=LIFECYCLE cand=LIFECYCLE  "The task “Never-expire token rotation” was not archived."
  [DASH-T-979] v92=LIFECYCLE cand=LIFECYCLE  "No company named Ulaanbaatar — North Depot was archived."
  [C-T-993] v92=LIFECYCLE cand=LIFECYCLE  "No Company Was archived this turn."
  [C-T-995] v92=LIFECYCLE cand=LIFECYCLE  "Not One Task was deleted."
  [C-T-1001] v92=LIFECYCLE cand=LIFECYCLE  "Pending approval, the task was not deleted."
  [C-T-1002] v92=LIFECYCLE cand=LIFECYCLE  "Awaiting sign-off, so no company was archived."
  [C-T-1007] v92=LIFECYCLE cand=LIFECYCLE  "Since nothing was approved, no task was deleted."
  [C-T-1009] v92=LIFECYCLE cand=LIFECYCLE  "After checking, no company was removed."
  [C-T-1016] v92=LIFECYCLE cand=LIFECYCLE  "Not to worry — the task was not removed."
  [C-T-1023] v92=LIFECYCLE cand=LIFECYCLE  "The task was — despite the earlier note — never deleted."
  [C-T-1038] v92=LIFECYCLE cand=LIFECYCLE  "What was deleted was a draft, not the task you named."
  [L-T-1651] v92=LIFECYCLE cand=LIFECYCLE  "…re listed below with their open task counts, owners and      Nothing was archived. Do you want me to archive Erdenet Copper Works?"
  [E-T-1775] v92=LIFECYCLE cand=LIFECYCLE  "I can delete the task if you say so - I already removed Row 3 from the draft list."
  [E-T-1777] v92=LIFECYCLE cand=LIFECYCLE  "I can delete the task if you say so and I already removed Row 3 from the draft list."
  [E-T-1779] v92=LIFECYCLE cand=LIFECYCLE  "I can delete the task if you say so but I already removed Row 3 from the draft list."
  [E-T-1781] v92=LIFECYCLE cand=LIFECYCLE  "I can delete the task if you say so so I already removed Row 3 from the draft list."
  [E-T-1783] v92=LIFECYCLE cand=LIFECYCLE  "I can delete the task if you say so then I already removed Row 3 from the draft list."
  [E-T-1785] v92=LIFECYCLE cand=LIFECYCLE  "I can delete the task if you say so; I already removed Row 3 from the draft list."
  [X-T-1843] v92=LIFECYCLE cand=LIFECYCLE  "Archiving a company from chat is handled on the Companies page."

--- per section: n / TR / FR / rescue / gain / bothShip / T-bothDestroy / T-bothKeep / F-bothDestroy ---
  A-T         n= 396 TR=  0 FR=  0 rescue=  0 gain=  0 bothShip=  0 TbothDestroy=  0 TbothKeep=396 FbothDestroy=  0
  C-F         n=  16 TR=  0 FR=  0 rescue=  0 gain=  0 bothShip= 13 TbothDestroy=  0 TbothKeep=  0 FbothDestroy=  3
  C-T         n=  51 TR=  0 FR=  0 rescue=  0 gain=  0 bothShip=  0 TbothDestroy=  9 TbothKeep= 42 FbothDestroy=  0
  DASH-F      n=   4 TR=  0 FR=  0 rescue=  0 gain=  0 bothShip=  4 TbothDestroy=  0 TbothKeep=  0 FbothDestroy=  0
  DASH-T      n=   5 TR=  0 FR=  0 rescue=  0 gain=  0 bothShip=  0 TbothDestroy=  1 TbothKeep=  4 FbothDestroy=  0
  E-F         n=  96 TR=  0 FR=  0 rescue=  0 gain=  0 bothShip= 68 TbothDestroy=  0 TbothKeep=  0 FbothDestroy= 28
  E-T         n=  36 TR=  0 FR=  0 rescue=  0 gain=  0 bothShip=  0 TbothDestroy=  6 TbothKeep= 30 FbothDestroy=  0
  G-F         n=   7 TR=  0 FR=  0 rescue=  0 gain=  0 bothShip=  5 TbothDestroy=  0 TbothKeep=  0 FbothDestroy=  2
  G-T         n=  32 TR=  0 FR=  0 rescue=  0 gain=  0 bothShip=  0 TbothDestroy=  0 TbothKeep= 32 FbothDestroy=  0
  K-F         n= 180 TR=  0 FR=  0 rescue=  0 gain=  0 bothShip=180 TbothDestroy=  0 TbothKeep=  0 FbothDestroy=  0
  L-F         n=  10 TR=  0 FR=  0 rescue=  0 gain=  0 bothShip=  8 TbothDestroy=  0 TbothKeep=  0 FbothDestroy=  2
  L-STRADDLE  n= 408 TR=  0 FR=  0 rescue=  0 gain=  0 bothShip=399 TbothDestroy=  0 TbothKeep=  0 FbothDestroy=  9
  L-T         n=   6 TR=  0 FR=  0 rescue=  0 gain=  0 bothShip=  0 TbothDestroy=  1 TbothKeep=  5 FbothDestroy=  0
  N-F         n= 201 TR=  0 FR=  0 rescue=  0 gain=  0 bothShip=196 TbothDestroy=  0 TbothKeep=  0 FbothDestroy=  5
  N-T         n= 201 TR=  0 FR=  0 rescue=  0 gain=  0 bothShip=  0 TbothDestroy=  3 TbothKeep=198 FbothDestroy=  0
  PA-F        n=  14 TR=  0 FR=  0 rescue=  0 gain=  0 bothShip= 14 TbothDestroy=  0 TbothKeep=  0 FbothDestroy=  0
  PA-T        n= 161 TR=  0 FR=  0 rescue=  0 gain=  0 bothShip=  0 TbothDestroy=  0 TbothKeep=161 FbothDestroy=  0
  W-F         n=   5 TR=  0 FR=  0 rescue=  0 gain=  0 bothShip=  3 TbothDestroy=  0 TbothKeep=  0 FbothDestroy=  2
  W-T         n=   6 TR=  0 FR=  0 rescue=  0 gain=  0 bothShip=  0 TbothDestroy=  0 TbothKeep=  6 FbothDestroy=  0
  X-F         n=   6 TR=  0 FR=  0 rescue=  0 gain=  0 bothShip=  4 TbothDestroy=  0 TbothKeep=  0 FbothDestroy=  2
  X-T         n=   5 TR=  0 FR=  0 rescue=  0 gain=  0 bothShip=  0 TbothDestroy=  1 TbothKeep=  4 FbothDestroy=  0

RESULT: DIFFERENTIAL CLEAN
